Date,DayOfWeek,TubeJourneyCount,t1,t2,hum,wind_speed,weather,is_holiday,is_weekend,season
01-01-2022,Saturday,973000,13.80833333,13.80833333,82.88041667,20.1375,Partially cloudy,0,1,3
02-01-2022,Sunday,1119000,11.75,11.51666667,83.03583333,21.65416667,Partially cloudy,0,1,3
03-01-2022,Monday,1121000,9.941666667,8.645833333,81.815,17.61666667,Partially cloudy,1,0,3
04-01-2022,Tuesday,1491000,5.704166667,2.9,83.01791667,13.84166667,Partially cloudy,0,0,3
05-01-2022,Wednesday,1686000,3.4125,0.066666667,76.64916667,15.18333333,Clear,0,0,3
06-01-2022,Thursday,1690000,2.9875,0.620833333,86.89458333,12.49583333,Partially cloudy,0,0,3
07-01-2022,Friday,1821000,4.3875,0.458333333,81.03833333,20,Partially cloudy,0,0,3
08-01-2022,Saturday,1532000,6.395833333,3.5,89.40791667,18.11666667,Partially cloudy,0,1,3
09-01-2022,Sunday,1161000,4.579166667,1.879166667,81.86125,12.6,Clear,0,1,3
10-01-2022,Monday,1717000,5.933333333,5.054166667,93.44833333,6.704166667,Partially cloudy,0,0,3
11-01-2022,Tuesday,1852000,9.45,8.375,92.57625,9.616666667,Overcast,0,0,3
12-01-2022,Wednesday,2021000,5.395833333,5.158333333,89.00791667,4.016666667,Clear,0,0,3
13-01-2022,Thursday,2033000,3.704166667,3.329166667,90.95958333,3.529166667,Clear,0,0,3
14-01-2022,Friday,2127000,3.529166667,3.529166667,90.3575,2.720833333,Clear,0,0,3
15-01-2022,Saturday,1865000,4.133333333,3.05,91.08666667,5.95,Overcast,0,1,3
16-01-2022,Sunday,1249000,6.395833333,4.966666667,89.46125,7.995833333,Partially cloudy,0,1,3
17-01-2022,Monday,1878000,3.833333333,2.558333333,86.57333333,6.375,Clear,0,0,3
18-01-2022,Tuesday,2040000,3.066666667,2.45,94.42,4.425,Partially cloudy,0,0,3
19-01-2022,Wednesday,2112000,6.683333333,4.55,80.3825,12.24166667,Partially cloudy,0,0,3
20-01-2022,Thursday,2249000,4.266666667,1.754166667,69.29541667,10.825,Clear,0,0,3
21-01-2022,Friday,2235000,2.8,0.354166667,77.26666667,9.4875,Overcast,0,0,3
22-01-2022,Saturday,2065000,5.216666667,3.3625,80.48833333,8.704166667,Overcast,0,1,3
23-01-2022,Sunday,1404000,6.208333333,5.970833333,75.27166667,4.116666667,Overcast,0,1,3
24-01-2022,Monday,1976000,4.595833333,3.641666667,77.84125,5.495833333,Overcast,0,0,3
25-01-2022,Tuesday,2196000,2.841666667,1.366666667,83.64666667,6.4375,Overcast,0,0,3
26-01-2022,Wednesday,2280000,5.470833333,3.370833333,76.71166667,10.99583333,Overcast,0,0,3
27-01-2022,Thursday,2382000,8.358333333,6.408333333,79.74208333,15.95833333,Clear,0,0,3
28-01-2022,Friday,2411000,6.054166667,4.3,86.06791667,11.0125,Partially cloudy,0,0,3
29-01-2022,Saturday,2144000,10.9125,10.39166667,75.39708333,23.60416667,Overcast,0,1,3
30-01-2022,Sunday,1392000,5.65,3.670833333,76.16666667,11.6125,Clear,0,1,3
31-01-2022,Monday,2149000,7.295833333,3.675,60.92791667,25.00416667,Partially cloudy,0,0,3
01-02-2022,Tuesday,2411000,10.425,9.204166667,74.88666667,22.7125,Partially cloudy,0,0,3
02-02-2022,Wednesday,2458000,10.175,9.15,81.40166667,16.1375,Partially cloudy,0,0,3
03-02-2022,Thursday,2585000,9.195833333,7.458333333,77.49458333,15.6375,Overcast,0,0,3
04-02-2022,Friday,2507000,7.395833333,4.316666667,74.18875,21.50416667,Partially cloudy,0,0,3
05-02-2022,Saturday,2322000,6.941666667,4.670833333,75.83625,23.4375,Clear,0,1,3
06-02-2022,Sunday,1407000,9.6125,7.295833333,72.53458333,33.01666667,Partially cloudy,0,1,3
07-02-2022,Monday,2231000,7.254166667,4.970833333,74.91541667,16.5,Clear,0,0,3
08-02-2022,Tuesday,2557000,11.20416667,11.20416667,72.64,21.375,Overcast,0,0,3
09-02-2022,Wednesday,2620000,10.49166667,9.733333333,81.22916667,14.65,Partially cloudy,0,0,3
10-02-2022,Thursday,2687000,6.879166667,4.441666667,72.21875,13.41666667,Partially cloudy,0,0,3
11-02-2022,Friday,2607000,4.9625,3.1125,73.30125,8.641666667,Partially cloudy,0,0,3
12-02-2022,Saturday,2351000,6.104166667,2.891666667,71.78458333,19.06666667,Partially cloudy,0,1,3
13-02-2022,Sunday,1580000,8.508333333,5.283333333,85.24041667,26.04166667,Overcast,0,1,3
14-02-2022,Monday,2408000,7.741666667,4.625,82.96666667,20.27916667,Partially cloudy,0,0,3
15-02-2022,Tuesday,2534000,7.404166667,4.633333333,88.43833333,17.94166667,Partially cloudy,0,0,3
16-02-2022,Wednesday,2665000,12.79583333,12.5875,84.68208333,32.27083333,Overcast,0,0,3
17-02-2022,Thursday,2802000,9.808333333,8.020833333,66.45791667,28.0625,Partially cloudy,0,0,3
18-02-2022,Friday,1844000,8.645833333,5.916666667,70.86791667,38.79583333,Partially cloudy,0,0,3
19-02-2022,Saturday,2252000,6.241666667,2.425,75.68083333,25.59583333,Clear,0,1,3
20-02-2022,Sunday,1434000,10.3875,9.225,80.15833333,33.22083333,Partially cloudy,0,1,3
21-02-2022,Monday,2294000,8.141666667,5.3,62.73333333,33.6875,Partially cloudy,0,0,3
22-02-2022,Tuesday,2784000,9.429166667,8.104166667,73.41666667,19.31666667,Partially cloudy,0,0,3
23-02-2022,Wednesday,2911000,7.333333333,5.154166667,79.57458333,17.90833333,Partially cloudy,0,0,3
24-02-2022,Thursday,3066000,6.766666667,2.958333333,71.36083333,24.45416667,Partially cloudy,0,0,3
25-02-2022,Friday,2936000,6.545833333,4.325,65.83791667,16.93333333,Clear,0,0,3
26-02-2022,Saturday,2592000,6.083333333,4.9875,70.59875,12.1125,Clear,0,1,3
27-02-2022,Sunday,1810000,6.766666667,4.4,60.51166667,15.85833333,Clear,0,1,3
28-02-2022,Monday,2465000,9.55,8.429166667,76.13625,13.93333333,Partially cloudy,0,0,3
01-03-2022,Tuesday,180000,8.508333333,6.420833333,94.7775,13.25833333,"Rain, Overcast",0,0,0
02-03-2022,Wednesday,2315000,7.275,5.025,88.7825,12.45833333,"Rain, Overcast",0,0,0
03-03-2022,Thursday,187000,9.4,8.6625,80.04083333,10.6375,Partially cloudy,0,0,0
04-03-2022,Friday,2479000,8.195833333,6.658333333,85.98291667,9.916666667,Overcast,0,0,0
05-03-2022,Saturday,2441000,6.391666667,3.104166667,82.0375,18.6125,Overcast,0,1,0
06-03-2022,Sunday,1608000,5.670833333,2.254166667,65.50375,18.21666667,Partially cloudy,0,1,0
07-03-2022,Monday,2450000,5.295833333,2.045833333,67.54208333,17.0125,Partially cloudy,0,0,0
08-03-2022,Tuesday,2776000,6.691666667,4.3625,61.275,16.04583333,Clear,0,0,0
09-03-2022,Wednesday,2820000,10.4875,9.708333333,72.67958333,17.32916667,Partially cloudy,0,0,0
10-03-2022,Thursday,2914000,12.225,11.75,66.96166667,14.29166667,Partially cloudy,0,0,0
11-03-2022,Friday,2771000,10.62083333,9.816666667,78.26666667,19.19583333,Partially cloudy,0,0,0
12-03-2022,Saturday,2554000,10.19583333,8.666666667,73.18541667,21.725,Partially cloudy,0,1,0
13-03-2022,Sunday,1792000,9.708333333,8.404166667,77.93458333,17.275,Partially cloudy,0,1,0
14-03-2022,Monday,2462000,8.533333333,7.916666667,83.28333333,8.925,Partially cloudy,0,0,0
15-03-2022,Tuesday,2757000,10.64583333,10.4125,74.01375,8.791666667,Partially cloudy,0,0,0
16-03-2022,Wednesday,2872000,9.7875,8.733333333,87.30166667,12.075,Overcast,0,0,0
17-03-2022,Thursday,2996000,8.504166667,7.25,70.14875,13.2125,Clear,0,0,0
18-03-2022,Friday,2795000,10.05833333,9.954166667,76.10875,11.18333333,Clear,0,0,0
19-03-2022,Saturday,2604000,10.33333333,8.829166667,64.56375,21.87916667,Clear,0,1,0
20-03-2022,Sunday,1731000,8.333333333,6.991666667,58.25958333,10.7625,Clear,0,1,0
21-03-2022,Monday,2431000,9.2875,9.129166667,61.65666667,8.2625,Clear,0,0,0
22-03-2022,Tuesday,2781000,13.66666667,13.48333333,60.22958333,10.575,Partially cloudy,0,0,0
23-03-2022,Wednesday,2887000,12.85416667,12.73333333,60.65833333,6.5625,Clear,0,0,0
24-03-2022,Thursday,2982000,11.9,11.9,58.04625,4.183333333,Clear,0,0,0
25-03-2022,Friday,2846000,11.84166667,11.82916667,55.77083333,8.85,Clear,0,0,0
26-03-2022,Saturday,2670000,12.15,11.91666667,56.22833333,12.025,Clear,0,1,0
27-03-2022,Sunday,1651000,9.234782609,8.117391304,83.5226087,10.09565217,Clear,0,1,0
28-03-2022,Monday,2420000,9.591666667,9.458333333,79.87708333,6.15,Partially cloudy,0,0,0
29-03-2022,Tuesday,2795000,9.35,7.991666667,79.44041667,13.04166667,Partially cloudy,0,0,0
30-03-2022,Wednesday,2802000,8.1875,6.395833333,80.24291667,13.05,Overcast,0,0,0
31-03-2022,Thursday,2897000,4.429166667,0.475,62.20458333,20.4375,Overcast,0,0,0
01-04-2022,Friday,2744000,4.7,0.945833333,61.04375,19.36666667,Partially cloudy,0,0,0
02-04-2022,Saturday,2421000,4.779166667,2.879166667,65.77583333,9.808333333,Clear,0,1,0
03-04-2022,Sunday,1858000,5.566666667,4.270833333,59.24166667,8.6625,Partially cloudy,0,1,0
04-04-2022,Monday,2374000,9.575,7.579166667,79.89458333,21.54583333,"Rain, Overcast",0,0,0
05-04-2022,Tuesday,2666000,12.42916667,12.42916667,70.77666667,22.04583333,Overcast,0,0,0
06-04-2022,Wednesday,2783000,10.9375,10.4125,77.56875,26.98333333,Partially cloudy,0,0,0
07-04-2022,Thursday,2897000,10.0875,8.383333333,61.11666667,35.90833333,Partially cloudy,0,0,0
08-04-2022,Friday,2648000,7.408333333,6.508333333,62.68666667,9.504166667,Partially cloudy,0,0,0
09-04-2022,Saturday,2536000,7.833333333,6.583333333,58.36375,11.9875,Partially cloudy,0,1,0
10-04-2022,Sunday,1723000,8.941666667,8.666666667,54.18875,8.683333333,Clear,0,1,0
11-04-2022,Monday,2488000,11.6625,10.67083333,57.28583333,18.12083333,Partially cloudy,0,0,0
12-04-2022,Tuesday,2793000,13.9375,13.9375,70.7475,13.77083333,Partially cloudy,0,0,0
13-04-2022,Wednesday,2841000,14.0875,14.0875,74.11041667,13,Partially cloudy,0,0,0
14-04-2022,Thursday,2879000,14.19583333,14.14583333,71.42333333,7.270833333,Partially cloudy,0,0,0
15-04-2022,Friday,2067000,15.325,15.325,67.00125,6.329166667,Clear,1,0,0
16-04-2022,Saturday,2202000,13.32916667,13.24583333,69.73166667,10.49166667,Clear,0,1,0
17-04-2022,Sunday,1574000,13.61666667,13.44166667,56.98166667,11.15,Clear,0,1,0
18-04-2022,Monday,1522000,12.78333333,12.59166667,57.99166667,8.729166667,Clear,1,0,0
19-04-2022,Tuesday,2570000,12.80833333,12.73333333,60.4325,10.59583333,Partially cloudy,0,0,0
20-04-2022,Wednesday,2916000,12.5375,11.875,59.63958333,15.40833333,Clear,0,0,0
21-04-2022,Thursday,2995000,12.93333333,12.55,59.91708333,15.99583333,Clear,0,0,0
22-04-2022,Friday,2781000,12.29166667,11.80833333,64.72583333,19.4625,Partially cloudy,0,0,0
23-04-2022,Saturday,2516000,13.2625,13.2625,67.32166667,21.62083333,Partially cloudy,0,1,0
24-04-2022,Sunday,1666000,13.16666667,12.82916667,60.47375,16.24583333,Clear,0,1,0
25-04-2022,Monday,2489000,10.32083333,9.2,69.39833333,12.59166667,Partially cloudy,0,0,0
26-04-2022,Tuesday,2900000,10.8375,10.3625,59.29583333,11.35,Clear,0,0,0
27-04-2022,Wednesday,2980000,9.595833333,8.791666667,64.29875,12.00416667,Overcast,0,0,0
28-04-2022,Thursday,3105000,10.4875,9.733333333,64.33916667,11.25833333,Partially cloudy,0,0,0
29-04-2022,Friday,2868000,9.35,8.4625,64.55333333,11.475,Overcast,0,0,0
30-04-2022,Saturday,2466000,11.69166667,11.34583333,59.08708333,7.383333333,Partially cloudy,0,1,0
01-05-2022,Sunday,1831000,12.3625,12.3625,65.9,10.18333333,Partially cloudy,0,1,0
02-05-2022,Monday,1739000,12.79166667,12.79166667,68.84208333,4.85,Partially cloudy,1,0,0
03-05-2022,Tuesday,2806000,12.57916667,12.57916667,77.0725,8.029166667,Partially cloudy,0,0,0
04-05-2022,Wednesday,3018000,13.2875,13.2875,78.02875,11.04583333,Partially cloudy,0,0,0
05-05-2022,Thursday,3130000,14.02916667,13.65,69.5325,9.945833333,Partially cloudy,0,0,0
06-05-2022,Friday,2888000,16,16,65.52333333,13.60416667,Clear,0,0,0
07-05-2022,Saturday,2490000,15.10833333,15.10833333,77.60208333,11.35416667,Partially cloudy,0,1,0
08-05-2022,Sunday,1793000,13.7875,13.7875,64.27166667,12.2375,Clear,0,1,0
09-05-2022,Monday,2587000,15.5875,15.49583333,64.265,14.37083333,Clear,0,0,0
10-05-2022,Tuesday,2971000,16.59166667,16.59166667,64.655,18.075,Partially cloudy,0,0,0
11-05-2022,Wednesday,3070000,13.6875,13.6875,81.49166667,19.05833333,Partially cloudy,0,0,0
12-05-2022,Thursday,3201000,13.35833333,13.1375,69.7575,15.71666667,Partially cloudy,0,0,0
13-05-2022,Friday,2905000,15.06666667,15.06666667,65.16083333,20.875,Partially cloudy,0,0,0
14-05-2022,Saturday,2634000,15.94583333,15.90833333,64.04,7.766666667,Clear,0,1,0
15-05-2022,Sunday,1739000,15.8375,15.8375,76.14041667,11.14166667,Partially cloudy,0,1,0
16-05-2022,Monday,2631000,16.67083333,16.67083333,77.3375,16.675,Partially cloudy,0,0,0
17-05-2022,Tuesday,3027000,19.26666667,19.26666667,65.63541667,12.59583333,Partially cloudy,0,0,0
18-05-2022,Wednesday,3110000,18.1125,18.1125,58.78666667,13.35,Clear,0,0,0
19-05-2022,Thursday,3239000,17.625,17.625,65.57041667,12.0875,Partially cloudy,0,0,0
20-05-2022,Friday,2948000,14.55416667,14.55416667,69.43916667,13.99583333,Partially cloudy,0,0,0
21-05-2022,Saturday,2708000,15.17916667,15.17916667,64.33083333,13.73333333,Partially cloudy,0,1,0
22-05-2022,Sunday,1987000,17.09166667,17.09166667,61.57958333,8.7125,Clear,0,1,0
23-05-2022,Monday,2645000,15.29583333,15.29583333,67.00416667,9.5,Partially cloudy,0,0,0
24-05-2022,Tuesday,3113000,12.85,12.85,79.35958333,13.96666667,"Rain, Partially cloudy",0,0,0
25-05-2022,Wednesday,3206000,13.97916667,13.85416667,73.89791667,20.75833333,Partially cloudy,0,0,0
26-05-2022,Thursday,3348000,15.54583333,15.54583333,74.90833333,20.84583333,Overcast,0,0,0
27-05-2022,Friday,3148000,16.42083333,16.42083333,59.5025,16.64583333,Clear,0,0,0
28-05-2022,Saturday,2839000,14.11666667,14.11666667,54.51666667,11.72083333,Partially cloudy,0,1,0
29-05-2022,Sunday,2117000,12.47916667,12.27083333,58.11125,11.99583333,Partially cloudy,0,1,0
30-05-2022,Monday,2623000,11.10833333,11.10833333,74.87708333,10.38333333,Partially cloudy,0,0,0
31-05-2022,Tuesday,2947000,11.6,11.40833333,84.1075,9.520833333,Partially cloudy,0,0,0
01-06-2022,Wednesday,3157000,12.875,12.64583333,72.47666667,7.558333333,Partially cloudy,0,0,1
02-06-2022,Thursday,2652000,15.26666667,15.26666667,65.8325,9.016666667,Clear,1,0,1
03-06-2022,Friday,2437000,17.125,17.125,62.43583333,13.6125,Partially cloudy,1,0,1
04-06-2022,Saturday,2422000,15.85416667,15.85416667,64.63208333,20.0375,Partially cloudy,0,1,1
05-06-2022,Sunday,1740000,13.33333333,13.33333333,88.80666667,10.025,Overcast,0,1,1
06-06-2022,Monday,643000,14.39583333,14.39583333,84.96791667,11.85416667,Partially cloudy,0,0,1
07-06-2022,Tuesday,2612000,16.56666667,16.56666667,73.77125,10.6875,Partially cloudy,0,0,1
08-06-2022,Wednesday,3046000,17.8375,17.8375,68.31291667,20.74166667,Partially cloudy,0,0,1
09-06-2022,Thursday,3162000,16.375,16.375,69.9225,16.5125,Partially cloudy,0,0,1
10-06-2022,Friday,2946000,18.55416667,18.55416667,66.94416667,19.31666667,Partially cloudy,0,0,1
11-06-2022,Saturday,2607000,17.5875,17.5875,64.20375,17.85,Partially cloudy,0,1,1
12-06-2022,Sunday,1913000,17.1375,17.1375,58.04833333,15.80833333,Partially cloudy,0,1,1
13-06-2022,Monday,2713000,16.39583333,16.39583333,55.0525,9.479166667,Clear,0,0,1
14-06-2022,Tuesday,3095000,18.53333333,18.53333333,55.52708333,8.016666667,Clear,0,0,1
15-06-2022,Wednesday,3184000,20.15416667,20.07083333,53.89291667,8.116666667,Clear,0,0,1
16-06-2022,Thursday,3298000,21.87083333,21.6625,52.3,9.054166667,Clear,0,0,1
17-06-2022,Friday,3037000,24.80416667,24.50833333,46.53583333,15.55416667,Clear,0,0,1
18-06-2022,Saturday,2834000,19.24583333,19.24583333,70.03833333,14,Clear,0,1,1
19-06-2022,Sunday,1992000,15.04166667,15.04166667,65.52041667,14.30416667,Partially cloudy,0,1,1
20-06-2022,Monday,2786000,16.93333333,16.93333333,58.10833333,12.6375,Clear,0,0,1
21-06-2022,Tuesday,160000,18.475,18.475,54.52333333,7.704166667,Clear,0,0,1
22-06-2022,Wednesday,2171000,20.1625,20.1625,57.46208333,10.30416667,Clear,0,0,1
23-06-2022,Thursday,1963000,19.36666667,19.36666667,68.00125,8.2625,Partially cloudy,0,0,1
24-06-2022,Friday,2903000,17.99166667,17.99166667,69.73125,17.99166667,Partially cloudy,0,0,1
25-06-2022,Saturday,2373000,16.87083333,16.87083333,64.11458333,18.92083333,Partially cloudy,0,1,1
26-06-2022,Sunday,1942000,17.1125,17.1125,56.25833333,19.5875,Clear,0,1,1
27-06-2022,Monday,2805000,16.10416667,16.10416667,65.45625,16.85,Partially cloudy,0,0,1
28-06-2022,Tuesday,3230000,16.68333333,16.68333333,60.56541667,16.6375,Partially cloudy,0,0,1
29-06-2022,Wednesday,3393000,17.34583333,17.34583333,66.64875,15.06666667,Partially cloudy,0,0,1
30-06-2022,Thursday,3506000,15.92916667,15.92916667,71.05583333,11.875,Partially cloudy,0,0,1
01-07-2022,Friday,3346000,16.025,16.025,68.5225,16.2375,Partially cloudy,0,0,1
02-07-2022,Saturday,3104000,17.31666667,17.31666667,64.42291667,19.12916667,Partially cloudy,0,1,1
03-07-2022,Sunday,2035000,17.5875,17.5875,62.2425,11.80833333,Partially cloudy,0,1,1
04-07-2022,Monday,2812000,17.99583333,17.99583333,55.31458333,12.62916667,Partially cloudy,0,0,1
05-07-2022,Tuesday,3146000,18.02916667,18.02916667,55.76708333,10.79583333,Clear,0,0,1
06-07-2022,Wednesday,3292000,19.37916667,19.37916667,58.04916667,13.60833333,Partially cloudy,0,0,1
07-07-2022,Thursday,3357000,19.6125,19.6125,59.46,12.6625,Overcast,0,0,1
08-07-2022,Friday,3086000,22.20833333,22.05416667,53.65333333,8.275,Clear,0,0,1
09-07-2022,Saturday,2674000,21.46666667,21.46666667,54.37958333,11.05416667,Clear,0,1,1
10-07-2022,Sunday,1973000,22.28333333,22.05833333,53.09208333,9.0875,Clear,0,1,1
11-07-2022,Monday,2702000,24.2375,23.85,45.77583333,9.520833333,Clear,0,0,1
12-07-2022,Tuesday,3023000,25.30416667,25.13333333,48.46583333,10.99166667,Partially cloudy,0,0,1
13-07-2022,Wednesday,3096000,24.4,24.30833333,48.85708333,9.516666667,Partially cloudy,0,0,1
14-07-2022,Thursday,3225000,20.5,20.5,53.74291667,12.44583333,Clear,0,0,1
15-07-2022,Friday,2982000,20.62916667,20.62916667,46.47333333,9.833333333,Clear,0,0,1
16-07-2022,Saturday,2564000,21.75416667,21.65,51.82458333,7.933333333,Clear,0,1,1
17-07-2022,Sunday,1755000,23.56666667,23.17083333,42.1775,10.11666667,Clear,0,1,1
18-07-2022,Monday,2043000,27.7125,26.82083333,36.99708333,10.02916667,Clear,0,0,1
19-07-2022,Tuesday,1955000,30.25,29.4375,35.97875,13.67916667,Clear,0,0,1
20-07-2022,Wednesday,2978000,22.67916667,22.67916667,64.88291667,18.20416667,Partially cloudy,0,0,1
21-07-2022,Thursday,3145000,20.4625,20.4625,65.41,10.2625,Partially cloudy,0,0,1
22-07-2022,Friday,2854000,19.45,19.45,64.82,13.8,Partially cloudy,0,0,1
23-07-2022,Saturday,2595000,20.95833333,20.9375,60.65125,14.375,Partially cloudy,0,1,1
24-07-2022,Sunday,1848000,22.45,22.37083333,58.08791667,22.98333333,Partially cloudy,0,1,1
25-07-2022,Monday,2646000,20.6,20.6,62.29375,21.175,Partially cloudy,0,0,1
26-07-2022,Tuesday,3069000,18.15416667,18.15416667,63.11708333,9.929166667,Overcast,0,0,1
27-07-2022,Wednesday,2460000,18.325,18.325,62.41416667,10.7,Partially cloudy,0,0,1
28-07-2022,Thursday,3147000,19.40833333,19.40833333,56.92791667,13.39583333,Partially cloudy,0,0,1
29-07-2022,Friday,3002000,20.9625,20.9625,54.07708333,7.841666667,Partially cloudy,0,0,1
30-07-2022,Saturday,2583000,21.75833333,21.75833333,57.31666667,13.66666667,Partially cloudy,0,1,1
31-07-2022,Sunday,1905000,22.46666667,22.46666667,67.07625,17.92083333,Partially cloudy,0,1,1
01-08-2022,Monday,2603000,21.89583333,21.89583333,63.52083333,10.10833333,Partially cloudy,0,0,1
02-08-2022,Tuesday,2932000,22.3125,22.3125,68.22916667,18.03333333,Partially cloudy,0,0,1
03-08-2022,Wednesday,2982000,22.15,22.24583333,72.65291667,16.89166667,Overcast,0,0,1
04-08-2022,Thursday,3082000,20.95833333,20.95833333,51.68416667,12.33333333,Partially cloudy,0,0,1
05-08-2022,Friday,2791000,19.10416667,19.10416667,41.25166667,15.11666667,Partially cloudy,0,0,1
06-08-2022,Saturday,2685000,19.00416667,19.00416667,44.05166667,7.916666667,Clear,0,1,1
07-08-2022,Sunday,1900000,20.66666667,20.59583333,47.38208333,6.695833333,Clear,0,1,1
08-08-2022,Monday,2560000,22.2375,22.14583333,52.35375,9.095833333,Clear,0,0,1
09-08-2022,Tuesday,2900000,21.7125,21.625,61.31375,10.425,Clear,0,0,1
10-08-2022,Wednesday,2971000,22.72083333,22.59166667,58.64875,10.40833333,Clear,0,0,1
11-08-2022,Thursday,2967000,24.55,24.13333333,51.31791667,10.37916667,Clear,0,0,1
12-08-2022,Friday,2590000,25.59583333,25.07083333,45.01083333,10.9625,Clear,0,0,1
13-08-2022,Saturday,2391000,26.04583333,25.49166667,45.29083333,9.783333333,Clear,0,1,1
14-08-2022,Sunday,1766000,25.98333333,25.37916667,43.09958333,8.345833333,Clear,0,1,1
15-08-2022,Monday,2522000,23.74583333,23.57083333,50.96541667,10.70416667,Partially cloudy,0,0,1
16-08-2022,Tuesday,3011000,20.24166667,20.24166667,76.89666667,8.016666667,Partially cloudy,0,0,1
17-08-2022,Wednesday,3108000,19.625,19.625,84.47333333,10.27083333,Partially cloudy,0,0,1
18-08-2022,Thursday,2399000,21.625,21.625,70.45625,11.66666667,Partially cloudy,0,0,1
19-08-2022,Friday,272000,21.075,21.075,61.98708333,15.94166667,Clear,0,0,1
20-08-2022,Saturday,2019000,19.09166667,19.09166667,62.6425,15.1625,Clear,0,1,1
21-08-2022,Sunday,1852000,19.21666667,19.21666667,65.39791667,10.3375,Partially cloudy,0,1,1
22-08-2022,Monday,2526000,18.84583333,18.84583333,72.32458333,10.30833333,Overcast,0,0,1
23-08-2022,Tuesday,2880000,21.30833333,21.30833333,79.76291667,13.125,Overcast,0,0,1
24-08-2022,Wednesday,2928000,23.4375,23.45833333,67.00208333,13.67916667,Overcast,0,0,1
25-08-2022,Thursday,2873000,19.52916667,19.52916667,84.3075,8.470833333,Partially cloudy,0,0,1
26-08-2022,Friday,2750000,19.14166667,19.14166667,66.15,5.333333333,Partially cloudy,0,0,1
27-08-2022,Saturday,2643000,19.74166667,19.74166667,65.61125,8.075,Partially cloudy,0,1,1
28-08-2022,Sunday,2052000,19.25833333,19.25833333,65.15833333,11.075,Clear,0,1,1
29-08-2022,Monday,1950000,18.65,18.65,63.89291667,12.93333333,Partially cloudy,1,0,1
30-08-2022,Tuesday,2738000,19.03333333,19.03333333,65.08166667,14.67916667,Partially cloudy,0,0,1
31-08-2022,Wednesday,2987000,18.9625,18.9625,61.96,16.89583333,Partially cloudy,0,0,1
01-09-2022,Thursday,2980000,19.42916667,19.42916667,65.78375,15.31666667,Partially cloudy,0,0,2
02-09-2022,Friday,2792000,19.96666667,19.96666667,74.49541667,8.454166667,Partially cloudy,0,0,2
03-09-2022,Saturday,2650000,19.72083333,19.72083333,71.60416667,9.733333333,Partially cloudy,0,1,2
04-09-2022,Sunday,1743000,20.05416667,20.05416667,69.47083333,13.2,Partially cloudy,0,1,2
05-09-2022,Monday,2552000,19.95,19.95,76.14458333,10.25416667,Partially cloudy,0,0,2
06-09-2022,Tuesday,2953000,18.64583333,18.64583333,82.2375,13.41666667,Partially cloudy,0,0,2
07-09-2022,Wednesday,3117000,18.02916667,18.02916667,80.53791667,14.12916667,Partially cloudy,0,0,2
08-09-2022,Thursday,3253000,16.03333333,16.03333333,89.69041667,11.3625,"Rain, Partially cloudy",0,0,2
09-09-2022,Friday,2941000,16.5875,16.5875,86.5225,13.16666667,Overcast,0,0,2
10-09-2022,Saturday,2705000,16.8875,16.8875,82.10458333,8.379166667,Clear,0,1,2
11-09-2022,Sunday,1932000,18.19166667,18.19166667,78.95875,7.570833333,Partially cloudy,0,1,2
12-09-2022,Monday,2740000,20.51666667,20.51666667,71.09875,8.729166667,Partially cloudy,0,0,2
13-09-2022,Tuesday,3198000,18.075,18.075,80.45791667,9.216666667,"Rain, Partially cloudy",0,0,2
14-09-2022,Wednesday,3380000,17.52083333,17.52083333,76.62,9.554166667,Partially cloudy,0,0,2
15-09-2022,Thursday,3214000,16.02083333,16.02083333,66.78958333,9.141666667,Partially cloudy,0,0,2
16-09-2022,Friday,3220000,14.1125,14.1125,56.22791667,12.725,Partially cloudy,0,0,2
17-09-2022,Saturday,2934000,12.8125,12.42916667,52.66458333,11.99166667,Clear,0,1,2
18-09-2022,Sunday,2242000,13.95833333,13.8,62.41333333,13.0625,Partially cloudy,0,1,2
19-09-2022,Monday,1406000,14.80416667,14.80416667,63.54291667,5.645833333,Partially cloudy,1,0,2
20-09-2022,Tuesday,3204000,15.25416667,15.25416667,65.56125,5.1,Partially cloudy,0,0,2
21-09-2022,Wednesday,3338000,16.56666667,16.56666667,66.69083333,5.275,Partially cloudy,0,0,2
22-09-2022,Thursday,3501000,15.8625,15.8625,73.18541667,9.675,Partially cloudy,0,0,2
23-09-2022,Friday,3213000,16.20833333,16.20833333,78.59041667,9.3625,Partially cloudy,0,0,2
24-09-2022,Saturday,2986000,14.39583333,14.39583333,70.9275,12.18333333,Partially cloudy,0,1,2
25-09-2022,Sunday,1984000,13.175,13.12916667,64.67375,11.6625,Partially cloudy,0,1,2
26-09-2022,Monday,2968000,12.91666667,12.91666667,72.91541667,17.94166667,Partially cloudy,0,0,2
27-09-2022,Tuesday,3280000,11.0875,10.66666667,76.55541667,15.13333333,Partially cloudy,0,0,2
28-09-2022,Wednesday,3442000,9.970833333,9.3,77.57125,9.2375,Clear,0,0,2
29-09-2022,Thursday,3568000,10.73333333,10.7125,74.64875,4.854166667,Partially cloudy,0,0,2
30-09-2022,Friday,3360000,12.20416667,12,85.06125,15.65833333,Partially cloudy,0,0,2
01-10-2022,Saturday,2868000,15.57083333,15.57083333,76.31666667,18.39583333,Partially cloudy,0,1,2
02-10-2022,Sunday,2261000,15.025,15.025,71.83541667,9.425,Partially cloudy,0,1,2
03-10-2022,Monday,3050000,13.0125,13.0125,78.83416667,7.170833333,Partially cloudy,0,0,2
04-10-2022,Tuesday,3407000,16.20416667,16.20416667,80.18083333,15.7375,Overcast,0,0,2
05-10-2022,Wednesday,2894000,16.27083333,16.27083333,74.12166667,25.40833333,Overcast,0,0,2
06-10-2022,Thursday,3660000,13.33333333,13.04166667,72.97291667,14.8,Clear,0,0,2
07-10-2022,Friday,3542000,14.7875,14.7875,79.66041667,18.03333333,Partially cloudy,0,0,2
08-10-2022,Saturday,2829000,11.6,11.15,78.42375,9.666666667,Clear,0,1,2
09-10-2022,Sunday,2276000,11.8875,11.775,74.0475,9.3,Clear,0,1,2
10-10-2022,Monday,3121000,12.82916667,12.82916667,71.18666667,9.65,Clear,0,0,2
11-10-2022,Tuesday,3515000,10.15,10.15,75.48625,3.225,Clear,0,0,2
12-10-2022,Wednesday,3600000,12.0375,12.0375,80.17208333,9.295833333,Partially cloudy,0,0,2
13-10-2022,Thursday,3657000,13.97916667,13.97916667,87.86291667,5.033333333,Partially cloudy,0,0,2
14-10-2022,Friday,3416000,12.94583333,12.94583333,89.73875,8.4125,Partially cloudy,0,0,2
15-10-2022,Saturday,3195000,12.75833333,12.69583333,82.18583333,15.20833333,Partially cloudy,0,1,2
16-10-2022,Sunday,2076000,14.0375,14.0375,76.1725,13.96666667,Clear,0,1,2
17-10-2022,Monday,3027000,16.0125,15.96666667,79.56208333,15.22916667,Partially cloudy,0,0,2
18-10-2022,Tuesday,3457000,12.35416667,12.2625,80.89375,7.825,Clear,0,0,2
19-10-2022,Wednesday,3524000,14.54583333,14.54583333,80.95958333,19.45833333,Partially cloudy,0,0,2
20-10-2022,Thursday,3649000,14.8625,14.8625,90.01041667,8.283333333,Overcast,0,0,2
21-10-2022,Friday,3300000,14.85,14.725,86.91041667,15.96666667,Overcast,0,0,2
22-10-2022,Saturday,3066000,15.26666667,15.26666667,84.37541667,13.7625,Partially cloudy,0,1,2
23-10-2022,Sunday,1975000,15.36666667,15.36666667,90.2075,11.45833333,Partially cloudy,0,1,2
24-10-2022,Monday,3060000,14.55,14.55,82.93291667,19.54583333,Partially cloudy,0,0,2
25-10-2022,Tuesday,3451000,14.325,14.325,84.635,11.9125,Partially cloudy,0,0,2
26-10-2022,Wednesday,3591000,16.76666667,16.76666667,77.13041667,18.23333333,Partially cloudy,0,0,2
27-10-2022,Thursday,3704000,16.90416667,16.90416667,85.31833333,12.325,Partially cloudy,0,0,2
28-10-2022,Friday,3481000,16.33333333,16.33333333,79.79041667,12.6375,Partially cloudy,0,0,2
29-10-2022,Saturday,3160000,16.62083333,16.62083333,83.84458333,11.56666667,Partially cloudy,0,1,2
30-10-2022,Sunday,2148000,14.864,14.864,86.0752,14,Partially cloudy,0,1,2
31-10-2022,Monday,3077000,14.5625,14.5625,86.4175,13.33333333,Partially cloudy,0,0,2
01-11-2022,Tuesday,3473000,12.91666667,12.825,79.94375,26.52083333,"Rain, Partially cloudy",0,0,2
02-11-2022,Wednesday,3635000,12.35,11.87083333,77.45541667,22.625,Clear,0,0,2
03-11-2022,Thursday,3537000,10.78333333,10.55,91.96333333,10.17916667,"Rain, Partially cloudy",0,0,2
04-11-2022,Friday,3412000,9.4875,8.383333333,81.0925,11.3375,Partially cloudy,0,0,2
05-11-2022,Saturday,2660000,10.47083333,9.945833333,90.71041667,13.52916667,"Rain, Overcast",0,1,2
06-11-2022,Sunday,1944000,12.69583333,12.69583333,90.91791667,16.6375,"Rain, Overcast",0,1,2
07-11-2022,Monday,2716000,13.49583333,13.49583333,85.09333333,20.0375,Partially cloudy,0,0,2
08-11-2022,Tuesday,3432000,13.18333333,13.18333333,80.93416667,23.64166667,Partially cloudy,0,0,2
09-11-2022,Wednesday,3361000,11.84583333,11.84583333,80.72666667,17.08333333,Partially cloudy,0,0,2
10-11-2022,Thursday,461000,13.24583333,13.24583333,79.78166667,19.0375,Overcast,0,0,2
11-11-2022,Friday,3172000,14.56666667,14.56666667,78.12625,16.84583333,Overcast,0,0,2
12-11-2022,Saturday,3359000,12.7625,12.7625,88.88333333,9.3875,Partially cloudy,0,1,2
13-11-2022,Sunday,2125000,11.9,11.9,93.86708333,8.208333333,Overcast,0,1,2
14-11-2022,Monday,3101000,11.15,11.04166667,95.22958333,6.991666667,Overcast,0,0,2
15-11-2022,Tuesday,3516000,11.425,11.18333333,85.52,17.50416667,Partially cloudy,0,0,2
16-11-2022,Wednesday,3646000,10.175,9.358333333,87.70458333,13.99166667,Partially cloudy,0,0,2
17-11-2022,Thursday,3788000,10.20416667,8.6375,83.47791667,25.09166667,Partially cloudy,0,0,2
18-11-2022,Friday,3570000,9.9625,8.508333333,75.3075,17.33333333,Partially cloudy,0,0,2
19-11-2022,Saturday,3330000,8.9875,8.070833333,77.85708333,9.633333333,Overcast,0,1,2
20-11-2022,Sunday,2146000,8.183333333,6.770833333,84.66875,12.62916667,Partially cloudy,0,1,2
21-11-2022,Monday,3047000,6.945833333,4.254166667,87.26583333,17.5625,Partially cloudy,0,0,2
22-11-2022,Tuesday,3563000,6.975,4.625,82.15166667,13.68333333,Partially cloudy,0,0,2
23-11-2022,Wednesday,3614000,8.925,7.904166667,82.09375,17.24166667,Partially cloudy,0,0,2
24-11-2022,Thursday,3760000,9.720833333,8.416666667,81.04125,16.84583333,Partially cloudy,0,0,2
25-11-2022,Friday,3639000,9.254166667,7.770833333,79.77583333,13.175,Clear,0,0,2
26-11-2022,Saturday,3111000,10.3375,9.8,86.22583333,16.25416667,Partially cloudy,0,1,2
27-11-2022,Sunday,2120000,11.625,11.625,93.57875,12.95833333,"Rain, Overcast",0,1,2
28-11-2022,Monday,3140000,8.3,7.9125,91.50041667,5.633333333,Partially cloudy,0,0,2
29-11-2022,Tuesday,3509000,7.104166667,6.341666667,91.755,5.908333333,Overcast,0,0,2
30-11-2022,Wednesday,3628000,7.975,7.5125,87.69416667,4.945833333,Overcast,0,0,2
01-12-2022,Thursday,3903000,7.1375,6.3875,86.16166667,5.775,Overcast,0,0,3
02-12-2022,Friday,3752000,6.116666667,3.845833333,86.95458333,11.57083333,Overcast,0,0,3
03-12-2022,Saturday,3478000,6.5875,3.541666667,74.92,16.77916667,Overcast,0,1,3
04-12-2022,Sunday,2291000,5.495833333,2.6625,78.00416667,13.6875,Overcast,0,1,3
05-12-2022,Monday,3231000,6.741666667,4.5,82.58916667,11.75,Overcast,0,0,3
06-12-2022,Tuesday,3751000,5.454166667,3.420833333,81.38458333,9.404166667,Partially cloudy,0,0,3
07-12-2022,Wednesday,3885000,3.3625,1.241666667,83.6075,8.2625,Partially cloudy,0,0,3
08-12-2022,Thursday,4032000,0.641666667,-0.55,82.19166667,5.4,Clear,0,0,3
09-12-2022,Friday,3802000,0.933333333,-0.7625,85.59625,6.275,Clear,0,0,3
10-12-2022,Saturday,3378000,-0.4,-1.45,92.28833333,5.195833333,Clear,0,1,3
11-12-2022,Sunday,2289000,-0.6875,-1.65,96.04416667,5.020833333,Partially cloudy,0,1,3
12-12-2022,Monday,2695000,0.291666667,-1.7125,93.28125,6.7625,Overcast,0,0,3
13-12-2022,Tuesday,2680000,0.5,-2.1875,81.165,8.395833333,Partially cloudy,0,0,3
14-12-2022,Wednesday,2791000,-0.0625,-3.333333333,82.40625,10.25,Partially cloudy,0,0,3
15-12-2022,Thursday,3415000,-0.65,-2.354166667,77.80291667,6.2375,Clear,0,0,3
16-12-2022,Friday,2980000,-0.979166667,-1.791666667,89.27208333,4.691666667,Clear,0,0,3
17-12-2022,Saturday,2680000,0.4375,-1.2125,87.07125,6.995833333,Partially cloudy,0,1,3
18-12-2022,Sunday,1892000,3.016666667,-0.408333333,92.56583333,14.70416667,"Rain, Overcast",0,1,3
19-12-2022,Monday,2966000,12.49166667,12.49166667,89.62125,28.15416667,"Rain, Overcast",0,0,3
20-12-2022,Tuesday,3234000,10.02916667,9.3875,85.64083333,16.92083333,Clear,0,0,3
21-12-2022,Wednesday,3081000,8.529166667,7.179166667,88.765,10.9875,Partially cloudy,0,0,3
22-12-2022,Thursday,2847000,9.420833333,8.704166667,91.83666667,12.0375,Overcast,0,0,3
23-12-2022,Friday,2471000,10.075,9.15,87.97541667,14.93333333,Overcast,0,0,3
24-12-2022,Saturday,1417000,9.233333333,8.0375,89.20791667,12.82083333,Clear,0,1,3
25-12-2022,Sunday,0,10.51666667,10.07083333,86.79791667,14.54166667,Overcast,0,1,3
26-12-2022,Monday,1311000,7.129166667,4.4875,77.04208333,17.8375,Clear,1,0,3
27-12-2022,Tuesday,1917000,7.145833333,5.029166667,86.07625,17.67083333,"Rain, Overcast",1,0,3
28-12-2022,Wednesday,2286000,10.85416667,10.85416667,89.03625,26.2125,"Rain, Overcast",0,0,3
29-12-2022,Thursday,2653000,8.8125,6.3375,74.21166667,24.35833333,Partially cloudy,0,0,3
30-12-2022,Friday,2583000,10.29166667,8.8375,84.45625,22.74583333,Overcast,0,0,3
31-12-2022,Saturday,2648000,12.82916667,12.82916667,85.14166667,26.58333333,"Rain, Overcast",0,1,3
01-01-2023,Sunday,1494000,10.82083333,10.62083333,78.68166667,18.4,Partially cloudy,0,1,3
02-01-2023,Monday,1918000,6.441666667,4.775,86.4775,9.333333333,Partially cloudy,1,0,3
03-01-2023,Tuesday,2255000,9.008333333,8.291666667,90.29083333,19.41666667,Overcast,0,0,3
04-01-2023,Wednesday,2387000,12.70833333,12.70833333,80.10958333,29.10416667,Overcast,0,0,3
05-01-2023,Thursday,2519000,11.67916667,11.50416667,80.46708333,19.20416667,Overcast,0,0,3
06-01-2023,Friday,2517000,10.24166667,9.370833333,84.42916667,19.44166667,Overcast,0,0,3
07-01-2023,Saturday,2170000,10.69166667,9.8625,80.81291667,28.22916667,Overcast,0,1,3
08-01-2023,Sunday,1552000,7.558333333,4.525,85.56041667,19.75,"Rain, Overcast",0,1,3
09-01-2023,Monday,2750000,6.85,3.55,78.9075,19.70416667,Clear,0,0,3
10-01-2023,Tuesday,3173000,9.25,7.679166667,87.04833333,22.02083333,"Rain, Overcast",0,0,3
11-01-2023,Wednesday,3283000,9.2375,7.033333333,78.56541667,25.67083333,Clear,0,0,3
12-01-2023,Thursday,3458000,11.1875,10.4125,81.31458333,32.2875,"Rain, Overcast",0,0,3
13-01-2023,Friday,3128000,8.583333333,5.6875,69.4525,29.94583333,Clear,0,0,3
14-01-2023,Saturday,2622000,9.391666667,7.120833333,81.35583333,27.5375,"Rain, Overcast",0,1,3
15-01-2023,Sunday,1924000,5.679166667,1.945833333,74.47208333,21.88333333,Partially cloudy,0,1,3
16-01-2023,Monday,2902000,3.5625,0.325,81.66041667,15.29166667,"Rain, Overcast",0,0,3
17-01-2023,Tuesday,3277000,-0.875,-1.941666667,86.87166667,4.429166667,Clear,0,0,3
18-01-2023,Wednesday,3383000,1.166666667,-2.120833333,83.19458333,11.78333333,Clear,0,0,3
19-01-2023,Thursday,3533000,1.291666667,-1.020833333,84.03541667,8.55,Clear,0,0,3
20-01-2023,Friday,3215000,3.175,0.058333333,78.19916667,12.52083333,Partially cloudy,0,0,3
21-01-2023,Saturday,2963000,2.770833333,1.645833333,80.50208333,5.583333333,Clear,0,1,3
22-01-2023,Sunday,1992000,0.179166667,0.029166667,89.2025,2.8625,Clear,0,1,3
23-01-2023,Monday,2914000,0.908333333,0.220833333,84.93333333,4.145833333,Overcast,0,0,3
24-01-2023,Tuesday,3390000,3.891666667,2.425,78.33333333,7.270833333,Overcast,0,0,3
25-01-2023,Wednesday,3492000,2.020833333,0.254166667,95.04166667,7.770833333,Overcast,0,0,3
26-01-2023,Thursday,3629000,5.8,2.6375,84.00375,16.18333333,Overcast,0,0,3
27-01-2023,Friday,3315000,5.625,3.175,77.19875,11.8875,Overcast,0,0,3
28-01-2023,Saturday,2969000,5.341666667,4.241666667,68.20833333,6.283333333,Overcast,0,1,3
29-01-2023,Sunday,1872000,6.404166667,3.879166667,85.53833333,14.22916667,Overcast,0,1,3
30-01-2023,Monday,2961000,6.891666667,4.3375,76.18083333,14.6375,Clear,0,0,3
31-01-2023,Tuesday,3408000,7.741666667,5.358333333,74.1525,17.97083333,Overcast,0,0,3
01-02-2023,Wednesday,2772000,7.55,4.729166667,73.69791667,22.95,Partially cloudy,0,0,3
02-02-2023,Thursday,3415000,8.791666667,6.645833333,80.15875,20.75833333,Overcast,0,0,3
03-02-2023,Friday,2957000,9.7875,8.208333333,81.89333333,18.20833333,Overcast,0,0,3
04-02-2023,Saturday,2979000,8.091666667,6.1375,84.20416667,11.475,Overcast,0,1,3
05-02-2023,Sunday,2015000,4.9,2.783333333,77.91333333,10.4875,Clear,0,1,3
06-02-2023,Monday,2995000,3.995833333,3.558333333,76.35625,4.675,Clear,0,0,3
07-02-2023,Tuesday,3430000,1.920833333,1.758333333,85.94333333,3.275,Clear,0,0,3
08-02-2023,Wednesday,3489000,1.2375,0.1,81.26916667,6.479166667,Clear,0,0,3
09-02-2023,Thursday,3569000,3.5875,2.5625,83.03875,5.758333333,Partially cloudy,0,0,3
10-02-2023,Friday,3245000,3.8625,2.116666667,82.14541667,10.30416667,Clear,0,0,3
11-02-2023,Saturday,3026000,8.3125,7.041666667,81.82458333,8.375,Overcast,0,1,3
12-02-2023,Sunday,2036000,7.466666667,6.4125,81.63541667,6.9625,Overcast,0,1,3
13-02-2023,Monday,3033000,7.079166667,5.758333333,78.65708333,8.495833333,Clear,0,0,3
14-02-2023,Tuesday,3521000,4.704166667,4.425,88.2325,4.529166667,Clear,0,0,3
15-02-2023,Wednesday,3534000,7.391666667,6.225,80.07875,12.3625,Partially cloudy,0,0,3
16-02-2023,Thursday,3539000,9.620833333,8.416666667,89.975,17.0375,Overcast,0,0,3
17-02-2023,Friday,3252000,12.30416667,12.30416667,83.71083333,24.325,Overcast,0,0,3
18-02-2023,Saturday,2829000,11.86666667,11.86666667,78.98791667,24.44166667,Overcast,0,1,3
19-02-2023,Sunday,1908000,10.01666667,8.616666667,71.60791667,15.79166667,Clear,0,1,3
20-02-2023,Monday,3009000,9.379166667,7.579166667,82.97625,18.875,Overcast,0,0,3
21-02-2023,Tuesday,3479000,8.583333333,7.204166667,85.83,9.708333333,Overcast,0,0,3
22-02-2023,Wednesday,3575000,7.816666667,6.433333333,84.75416667,8.691666667,Overcast,0,0,3
23-02-2023,Thursday,3718000,6.9125,4.341666667,77.7175,15.12916667,Overcast,0,0,3
24-02-2023,Friday,3443000,5.3625,3.541666667,76.35125,10.74583333,Partially cloudy,0,0,3
25-02-2023,Saturday,3111000,5.583333333,2.416666667,69.99333333,16.24166667,Partially cloudy,0,1,3
26-02-2023,Sunday,2116000,4.7625,1.9,63.69666667,13.38333333,Partially cloudy,0,1,3
27-02-2023,Monday,3023000,4.920833333,2.204166667,68.2175,12.85416667,Partially cloudy,0,0,3
28-02-2023,Tuesday,3468000,5.391666667,2.541666667,78.96166667,14.4125,Overcast,0,0,3
01-03-2023,Wednesday,3543000,6.233333333,3.770833333,75.26041667,12.59166667,Overcast,0,0,0
02-03-2023,Thursday,3587000,5.45,2.670833333,69.38416667,13.68333333,Partially cloudy,0,0,0
03-03-2023,Friday,3327000,5.495833333,2.725,70.25166667,13.025,Overcast,0,0,0
04-03-2023,Saturday,3093000,6.158333333,3.983333333,67.66833333,10.8,Overcast,0,1,0
05-03-2023,Sunday,1936000,4.4875,2.158333333,64.83708333,10.12916667,Overcast,0,1,0
06-03-2023,Monday,3035000,5.429166667,2.908333333,82.50916667,13.6125,Partially cloudy,0,0,0
07-03-2023,Tuesday,3483000,3.508333333,1.904166667,83.71958333,8.254166667,Partially cloudy,0,0,0
08-03-2023,Wednesday,3483000,2.383333333,-1.241666667,92.18416667,14.275,"Rain, Overcast",0,0,0
09-03-2023,Thursday,3562000,6.370833333,4.4,94.53833333,12.15,"Rain, Overcast",0,0,0
10-03-2023,Friday,3327000,5.633333333,3.045833333,77.51625,14.97916667,"Rain, Overcast",0,0,0
11-03-2023,Saturday,3040000,4.158333333,2.395833333,72.395,9.808333333,Partially cloudy,0,1,0
12-03-2023,Sunday,2072000,10.0625,9.0125,85.69625,19.87083333,Overcast,0,1,0
13-03-2023,Monday,3097000,12.45833333,12.45833333,76.0925,35.00416667,Overcast,0,0,0
14-03-2023,Tuesday,3589000,7.0875,4.079166667,67.94958333,19.80416667,Partially cloudy,0,0,0
15-03-2023,Wednesday,411000,5.529166667,3.483333333,80.63375,11.46666667,Clear,0,0,0
16-03-2023,Thursday,2555000,11.2875,10.425,78.72916667,18.66666667,Overcast,0,0,0
17-03-2023,Friday,3343000,12.14583333,12.14583333,84.77291667,12.53333333,Overcast,0,0,0
18-03-2023,Saturday,2769000,11.0375,10.90833333,85.09583333,10.525,Partially cloudy,0,1,0
19-03-2023,Sunday,2098000,8.979166667,7.445833333,73.1225,13.04583333,Overcast,0,1,0
20-03-2023,Monday,3064000,10.40833333,9.6,84.60791667,16.70833333,Overcast,0,0,0
21-03-2023,Tuesday,3513000,11.34583333,10.95416667,80.20291667,21.02916667,Overcast,0,0,0
22-03-2023,Wednesday,3550000,12.15833333,12.15833333,78.83541667,27.49166667,Overcast,0,0,0
23-03-2023,Thursday,3673000,11.74583333,11.53333333,75.54125,26.59583333,"Rain, Overcast",0,0,0
24-03-2023,Friday,3342000,10.45,9.029166667,77.42916667,23.9125,Partially cloudy,0,0,0
25-03-2023,Saturday,2962000,10.96666667,9.575,68.61083333,27.11666667,Partially cloudy,0,1,0
26-03-2023,Sunday,1925000,8.208695652,6.256521739,79.09043478,12.6173913,"Rain, Overcast",0,1,0
27-03-2023,Monday,3003000,7.3375,6.25,55.685,6.95,Partially cloudy,0,0,0
28-03-2023,Tuesday,3443000,7.541666667,4.779166667,75.49625,17.29166667,Overcast,0,0,0
29-03-2023,Wednesday,3467000,11.50416667,10.99166667,88.10208333,16.275,Overcast,0,0,0
30-03-2023,Thursday,3337000,12.99166667,12.99166667,76.78958333,25.04166667,Overcast,0,0,0
31-03-2023,Friday,3202000,11.16666667,11.16666667,89.61708333,25.95833333,"Rain, Overcast",0,0,0
01-04-2023,Saturday,2907000,9.85,8.958333333,80.3575,14.52083333,Overcast,0,1,0
02-04-2023,Sunday,2276000,8.491666667,6.404166667,68.10625,15.91666667,Overcast,0,1,0
03-04-2023,Monday,3007000,7.3625,6.179166667,65.27125,11.36666667,Clear,0,0,0
04-04-2023,Tuesday,3483000,8.041666667,7.420833333,61.03083333,6.375,Clear,0,0,0
05-04-2023,Wednesday,3471000,8.820833333,7.929166667,67.33458333,10.8,Partially cloudy,0,0,0
06-04-2023,Thursday,3468000,10.65416667,9.829166667,81.53125,14.86666667,"Rain, Overcast",0,0,0
07-04-2023,Friday,2497000,10.44583333,9.879166667,59.36,7.808333333,Clear,1,0,0
08-04-2023,Saturday,2651000,9.65,9.383333333,73.56416667,6.754166667,Clear,0,1,0
09-04-2023,Sunday,1790000,11.29583333,10.75,67.86083333,10.3125,Partially cloudy,0,1,0
10-04-2023,Monday,1770000,11.99583333,11.70416667,73.15708333,23.60416667,"Rain, Overcast",1,0,0
11-04-2023,Tuesday,3098000,9.341666667,7.170833333,76.15541667,21.63333333,Clear,0,0,0
12-04-2023,Wednesday,3293000,8.3625,5.7375,74.94458333,23.825,Partially cloudy,0,0,0
13-04-2023,Thursday,3457000,9.475,7.441666667,61.75208333,23.175,Partially cloudy,0,0,0
14-04-2023,Friday,3145000,8.329166667,6.958333333,79.07291667,12.0125,Overcast,0,0,0
15-04-2023,Saturday,2871000,10.25833333,9.191666667,77.29583333,11.10416667,Overcast,0,1,0
16-04-2023,Sunday,1877000,12.08333333,11.96666667,67.92,7.3125,Partially cloudy,0,1,0
17-04-2023,Monday,2919000,12.81666667,12.67916667,70.77583333,9.545833333,Partially cloudy,0,0,0
18-04-2023,Tuesday,3423000,9.770833333,8.733333333,71.97541667,18.525,Overcast,0,0,0
19-04-2023,Wednesday,3530000,11.225,10.30416667,68.0175,19.2875,Clear,0,0,0
20-04-2023,Thursday,3803000,9.879166667,8.45,63.99458333,17.82916667,Clear,0,0,0
21-04-2023,Friday,3389000,8.870833333,7.670833333,78.18333333,10.42916667,Overcast,0,0,0
22-04-2023,Saturday,3255000,9.883333333,9.833333333,71.7275,8.091666667,Partially cloudy,0,1,0
23-04-2023,Sunday,2478000,11.17083333,10.82083333,79.55208333,13.225,"Rain, Overcast",0,1,0
24-04-2023,Monday,3145000,8.929166667,7.433333333,78.96833333,10.92083333,Overcast,0,0,0
25-04-2023,Tuesday,3605000,7.6125,6.066666667,59.54208333,10.06666667,Partially cloudy,0,0,0
26-04-2023,Wednesday,3704000,8.666666667,7.629166667,61.89958333,11.01666667,Partially cloudy,0,0,0
27-04-2023,Thursday,3770000,10.075,9.370833333,72.99916667,14.5625,Partially cloudy,0,0,0
28-04-2023,Friday,3400000,13.875,13.875,80.93375,14.30416667,Overcast,0,0,0
29-04-2023,Saturday,3140000,13.0875,13.0875,67.60125,6.245833333,Clear,0,1,0
30-04-2023,Sunday,2260000,13.375,13.31666667,65.5225,10.10416667,Partially cloudy,0,1,0
01-05-2023,Monday,2114000,14.34583333,14.34583333,65.72458333,11.30833333,Overcast,1,0,0
02-05-2023,Tuesday,3373000,12.15,11.975,70.51625,11.28333333,Overcast,0,0,0
03-05-2023,Wednesday,3474000,10.7375,10.09166667,66.67958333,14.94583333,Clear,0,0,0
04-05-2023,Thursday,3598000,13.70416667,13.15,70.13125,17.22083333,Partially cloudy,0,0,0
05-05-2023,Friday,3310000,15.35416667,15.35416667,73.44166667,16.72916667,Partially cloudy,0,0,0
06-05-2023,Saturday,2585000,13.45416667,13.45416667,88.50583333,11.22083333,"Rain, Overcast",0,1,0
07-05-2023,Sunday,2204000,15.79166667,15.79166667,74.99958333,8.933333333,Overcast,0,1,0
08-05-2023,Monday,1865000,13.63333333,13.63333333,82.94625,13.175,Overcast,1,0,0
09-05-2023,Tuesday,3276000,14.97916667,14.97916667,82.26208333,11.47916667,Overcast,0,0,0
10-05-2023,Wednesday,3482000,14.00416667,14.00416667,77.72,11.775,Partially cloudy,0,0,0
11-05-2023,Thursday,3679000,13.45,13.45,73.20875,7.808333333,Partially cloudy,0,0,0
12-05-2023,Friday,2980000,11.82916667,11.82916667,82.56166667,18.47083333,Overcast,0,0,0
13-05-2023,Saturday,2779000,11.3,11.3,82.65583333,15.12916667,Overcast,0,1,0
14-05-2023,Sunday,2075000,14.1375,13.975,69.2975,8.395833333,Overcast,0,1,0
15-05-2023,Monday,3056000,13.63333333,13.63333333,60.23083333,14.24583333,Partially cloudy,0,0,0
16-05-2023,Tuesday,3542000,13.04166667,12.87916667,59.8925,10.15,Clear,0,0,0
17-05-2023,Wednesday,3581000,13.75,13.6875,65.46,8.029166667,Clear,0,0,0
18-05-2023,Thursday,3780000,14.49583333,14.49583333,62.0525,6.495833333,Partially cloudy,0,0,0
19-05-2023,Friday,3474000,13.70833333,13.70833333,64.30208333,8.858333333,Partially cloudy,0,0,0
20-05-2023,Saturday,3145000,14.2875,13.9625,60.64875,14.8375,Clear,0,1,0
21-05-2023,Sunday,2116000,14.37916667,14.15833333,61.20625,15.49166667,Clear,0,1,0
22-05-2023,Monday,3050000,15.12916667,15.12916667,57.90125,15.90833333,Overcast,0,0,0
23-05-2023,Tuesday,3524000,13.9625,13.9625,63.51333333,12.02083333,Clear,0,0,0
24-05-2023,Wednesday,3584000,15.79583333,15.7375,60.69083333,9.75,Clear,0,0,0
25-05-2023,Thursday,3724000,15,15,62.68416667,10.5625,Partially cloudy,0,0,0
26-05-2023,Friday,3383000,14.1875,14.1875,60.49333333,16.60833333,Clear,0,0,0
27-05-2023,Saturday,3061000,14.6125,14.4,65.27583333,11.71666667,Clear,0,1,0
28-05-2023,Sunday,2599000,16.0875,16.0875,55.62583333,14.07083333,Clear,0,1,0
29-05-2023,Monday,2264000,13.47083333,13.22083333,58.52791667,19.74583333,Clear,1,0,0
30-05-2023,Tuesday,3404000,13.20416667,13.20416667,66.33583333,20.05416667,Overcast,0,0,0
31-05-2023,Wednesday,3004000,13.86666667,13.86666667,72.76083333,18.55833333,Overcast,0,0,0
01-06-2023,Thursday,3622000,13.675,13.675,68.91041667,17.89166667,Overcast,0,0,1
02-06-2023,Friday,3101000,13.91666667,13.91666667,58.74041667,18.30416667,Overcast,0,0,1
03-06-2023,Saturday,2677000,14.96666667,14.64583333,65.61875,15.20833333,Clear,0,1,1
04-06-2023,Sunday,1997000,15.9875,15.9875,60.35208333,14.77083333,Clear,0,1,1
05-06-2023,Monday,2970000,13.69583333,13.69583333,66.02875,16.5125,Overcast,0,0,1
06-06-2023,Tuesday,3467000,13.6875,13.6875,65.40666667,17.26666667,Overcast,0,0,1
07-06-2023,Wednesday,3616000,14.83333333,14.83333333,67.76625,16.75833333,Overcast,0,0,1
08-06-2023,Thursday,3704000,15.67083333,15.67083333,63.87625,17.32083333,Clear,0,0,1
09-06-2023,Friday,3323000,18.36666667,18.36666667,65.78333333,18.16666667,Clear,0,0,1
10-06-2023,Saturday,2871000,22.23333333,22.04166667,57.38291667,14.59166667,Clear,0,1,1
11-06-2023,Sunday,2080000,22.93333333,22.77916667,55.78375,6.65,Clear,0,1,1
12-06-2023,Monday,3032000,22.65,22.75833333,65.29708333,6.408333333,Partially cloudy,0,0,1
13-06-2023,Tuesday,3656000,22.05833333,21.8875,46.21625,14.1,Clear,0,0,1
14-06-2023,Wednesday,3720000,20.7625,20.59583333,48.21625,12.15416667,Clear,0,0,1
15-06-2023,Thursday,3740000,21.19583333,21.125,52.52291667,10.1125,Clear,0,0,1
16-06-2023,Friday,3555000,21.43333333,21.32916667,46.37916667,8.2875,Clear,0,0,1
17-06-2023,Saturday,3257000,20.4125,20.4125,53.88791667,9.129166667,Partially cloudy,0,1,1
18-06-2023,Sunday,2151000,20.38333333,20.40416667,74.92416667,10.76666667,Partially cloudy,0,1,1
19-06-2023,Monday,3141000,20.06666667,20.06666667,67.79875,14.33333333,Partially cloudy,0,0,1
20-06-2023,Tuesday,3524000,20.17083333,20.17083333,72.00875,12.92916667,Partially cloudy,0,0,1
21-06-2023,Wednesday,3608000,20.8,20.8,65.35125,13.21666667,Partially cloudy,0,0,1
22-06-2023,Thursday,3668000,21.4875,21.44583333,61.72666667,7.320833333,Partially cloudy,0,0,1
23-06-2023,Friday,3325000,22.08333333,22.06666667,56.64625,11.15833333,Clear,0,0,1
24-06-2023,Saturday,3004000,22.19583333,22.20833333,65.25666667,10.24166667,Partially cloudy,0,1,1
25-06-2023,Sunday,2219000,23.9,23.76666667,53.71208333,17.02916667,Clear,0,1,1
26-06-2023,Monday,3157000,19.00833333,19.00833333,54.8625,18.27916667,Clear,0,0,1
27-06-2023,Tuesday,3579000,19.05833333,19.05833333,60.25875,13.2125,Partially cloudy,0,0,1
28-06-2023,Wednesday,3628000,20.7875,20.7875,73.1025,13.2,Overcast,0,0,1
29-06-2023,Thursday,3850000,19.19583333,19.19583333,69.42458333,10.34583333,Partially cloudy,0,0,1
30-06-2023,Friday,3636000,17.10416667,17.10416667,69.50583333,16.25833333,Overcast,0,0,1
01-07-2023,Saturday,3520000,19.42083333,19.42083333,65.74833333,19.40833333,Overcast,0,1,1
02-07-2023,Sunday,2349000,17.18333333,17.18333333,55.85458333,19.72916667,Partially cloudy,0,1,1
03-07-2023,Monday,3243000,16.50416667,16.50416667,60.07416667,23.14166667,Partially cloudy,0,0,1
04-07-2023,Tuesday,3650000,15.40416667,15.40416667,75.47833333,12.95416667,Partially cloudy,0,0,1
05-07-2023,Wednesday,3780000,15.78333333,15.78333333,70.65291667,18.65,Partially cloudy,0,0,1
06-07-2023,Thursday,3927000,17.15833333,17.15833333,59.93416667,14.03333333,Partially cloudy,0,0,1
07-07-2023,Friday,3701000,21.45416667,21.225,52.6825,10.0875,Partially cloudy,0,0,1
08-07-2023,Saturday,3354000,21.72916667,21.72916667,70.82458333,10.51666667,Partially cloudy,0,1,1
09-07-2023,Sunday,2463000,19.67083333,19.67083333,69.37333333,12.24166667,Partially cloudy,0,1,1
10-07-2023,Monday,3195000,19.47916667,19.47916667,66.195,17.15416667,Partially cloudy,0,0,1
11-07-2023,Tuesday,3591000,19.75833333,19.75833333,67.26291667,19.97083333,Partially cloudy,0,0,1
12-07-2023,Wednesday,3673000,18.21666667,18.21666667,69.26916667,19.125,Partially cloudy,0,0,1
13-07-2023,Thursday,3717000,17.70833333,17.70833333,71.22791667,14.6375,Clear,0,0,1
14-07-2023,Friday,3304000,16.93333333,16.93333333,84.2,13.325,Partially cloudy,0,0,1
15-07-2023,Saturday,2952000,18.19166667,18.19166667,70.01083333,27.68333333,Overcast,0,1,1
16-07-2023,Sunday,2120000,17.70416667,17.70416667,63.85625,25.00833333,Partially cloudy,0,1,1
17-07-2023,Monday,3066000,17.49583333,17.49583333,70.39708333,16.25416667,Partially cloudy,0,0,1
18-07-2023,Tuesday,3504000,18.19166667,18.19166667,63.78708333,10.90416667,Partially cloudy,0,0,1
19-07-2023,Wednesday,3561000,18.95833333,18.95833333,65.5575,12.94166667,Partially cloudy,0,0,1
20-07-2023,Thursday,3144000,18.5625,18.5625,55.91291667,8.116666667,Partially cloudy,0,0,1
21-07-2023,Friday,3235000,15.97083333,15.97083333,63.36958333,11.33333333,Partially cloudy,0,0,1
22-07-2023,Saturday,2569000,14.82083333,14.82083333,84.69625,18.59166667,"Rain, Overcast",0,1,1
23-07-2023,Sunday,1955000,18.50833333,18.50833333,79.34583333,21.22916667,Partially cloudy,0,1,1
24-07-2023,Monday,2886000,15.20833333,15.20833333,85.08041667,10.90416667,Overcast,0,0,1
25-07-2023,Tuesday,3290000,15.85,15.85,67.2475,10.925,Partially cloudy,0,0,1
26-07-2023,Wednesday,3353000,16.1625,16.1625,69.9225,11.73333333,Clear,0,0,1
27-07-2023,Thursday,3384000,19.24583333,19.24583333,85.09583333,18.70833333,Overcast,0,0,1
28-07-2023,Friday,3151000,19.41666667,19.41666667,74.97458333,14.49166667,Overcast,0,0,1
29-07-2023,Saturday,2754000,19.12916667,19.12916667,67.88916667,18.83333333,Partially cloudy,0,1,1
30-07-2023,Sunday,2029000,17.4125,17.4125,76.37375,20.60833333,Partially cloudy,0,1,1
31-07-2023,Monday,2895000,18.07916667,18.07916667,81.0575,20.30833333,Overcast,0,0,1
01-08-2023,Tuesday,3349000,17.9,17.9,71.67166667,18.92916667,Partially cloudy,0,0,1
02-08-2023,Wednesday,3404000,17.14583333,17.14583333,86.91,17.62083333,"Rain, Overcast",0,0,1
03-08-2023,Thursday,3476000,17.97916667,17.97916667,69.10458333,12.13333333,Partially cloudy,0,0,1
04-08-2023,Friday,3109000,17.09166667,17.09166667,72.08291667,11.47083333,Partially cloudy,0,0,1
05-08-2023,Saturday,2724000,15.15,15.15,83.03958333,13.96666667,"Rain, Overcast",0,1,1
06-08-2023,Sunday,2262000,15.82916667,15.82916667,68.11166667,15.6625,Partially cloudy,0,1,1
07-08-2023,Monday,2854000,16.3625,16.3625,66.92666667,13.38333333,Clear,0,0,1
08-08-2023,Tuesday,3259000,15.2375,15.2375,85.43791667,13.05,Overcast,0,0,1
09-08-2023,Wednesday,3383000,18.14583333,18.14583333,72.13833333,7.383333333,Clear,0,0,1
10-08-2023,Thursday,3397000,20.7375,20.7375,68.72541667,10.51666667,Clear,0,0,1
11-08-2023,Friday,3044000,21.12083333,21.12083333,71.08,15.9125,Partially cloudy,0,0,1
12-08-2023,Saturday,2906000,18.6125,18.6125,72.12375,18.96666667,Partially cloudy,0,1,1
13-08-2023,Sunday,2045000,18.71666667,18.71666667,68.57958333,18.2375,Partially cloudy,0,1,1
14-08-2023,Monday,2809000,18.53333333,18.53333333,78.715,15.525,Partially cloudy,0,0,1
15-08-2023,Tuesday,3264000,18.62916667,18.62916667,71.86291667,10.80833333,Partially cloudy,0,0,1
16-08-2023,Wednesday,3303000,20.01666667,20.01666667,64.82083333,7.375,Clear,0,0,1
17-08-2023,Thursday,3372000,19.775,19.775,71.95708333,15.39166667,Partially cloudy,0,0,1
18-08-2023,Friday,3118000,20.20833333,20.20833333,79.80458333,14.79166667,Overcast,0,0,1
19-08-2023,Saturday,2858000,20.40833333,20.40833333,73.64791667,18.57916667,Partially cloudy,0,1,1
20-08-2023,Sunday,2045000,19.82083333,19.82083333,69.71541667,12.73333333,Partially cloudy,0,1,1
21-08-2023,Monday,2838000,19.29583333,19.29583333,72.67291667,12.675,Partially cloudy,0,0,1
22-08-2023,Tuesday,3203000,20.04166667,20.04166667,68.59791667,12.91666667,Partially cloudy,0,0,1
23-08-2023,Wednesday,3211000,21.125,21.09583333,62.54208333,6.758333333,Partially cloudy,0,0,1
24-08-2023,Thursday,3216000,20.2375,20.2375,74.935,7.416666667,Partially cloudy,0,0,1
25-08-2023,Friday,3094000,17.6375,17.6375,60.3025,12.29583333,Partially cloudy,0,0,1
26-08-2023,Saturday,2605000,15,15,82.79041667,10.925,Partially cloudy,0,1,1
27-08-2023,Sunday,2266000,15.61666667,15.61666667,74.69875,13.74583333,Partially cloudy,0,1,1
28-08-2023,Monday,2172000,15.90416667,15.90416667,70.81125,9.1,Partially cloudy,1,0,1
29-08-2023,Tuesday,3022000,16.875,16.875,68.39,10.57083333,Partially cloudy,0,0,1
30-08-2023,Wednesday,3240000,15.80416667,15.80416667,68.31291667,13.20416667,Partially cloudy,0,0,1
31-08-2023,Thursday,3290000,14.5375,14.5375,80.79625,7.454166667,Partially cloudy,0,0,1
01-09-2023,Friday,2701000,18.40833333,18.40833333,82.9775,6.029166667,Overcast,0,0,2
02-09-2023,Saturday,2490000,19.73333333,19.73333333,76.79458333,10.37083333,Partially cloudy,0,1,2
03-09-2023,Sunday,1904000,19.8125,19.8125,74.50583333,5.925,Partially cloudy,0,1,2
04-09-2023,Monday,2834000,21.625,21.54166667,67.15958333,10.725,Clear,0,0,2
05-09-2023,Tuesday,3231000,21.875,21.82083333,66.07333333,10.42083333,Clear,0,0,2
06-09-2023,Wednesday,3287000,23.08333333,23.20416667,66.99458333,4.808333333,Clear,0,0,2
07-09-2023,Thursday,3442000,24.11666667,24.05,66.63,7.1875,Clear,0,0,2
08-09-2023,Friday,3086000,23.64166667,23.77916667,68.91375,5.208333333,Clear,0,0,2
09-09-2023,Saturday,2717000,25.15,25.14166667,60.98666667,4.4125,Clear,0,1,2
10-09-2023,Sunday,1878000,23.90416667,24.1125,69.03583333,7.879166667,Clear,0,1,2
11-09-2023,Monday,2949000,21.55416667,21.55416667,71.5275,13.27083333,Partially cloudy,0,0,2
12-09-2023,Tuesday,3411000,19.79166667,19.79166667,77.21,9.208333333,Partially cloudy,0,0,2
13-09-2023,Wednesday,3524000,16.9625,16.9625,70.86291667,10.59166667,Overcast,0,0,2
14-09-2023,Thursday,3649000,18.0375,18.0375,68.24541667,8.0125,Clear,0,0,2
15-09-2023,Friday,3318000,18.69583333,18.69583333,72.25,6.1375,Clear,0,0,2
16-09-2023,Saturday,2959000,20.1625,20.15416667,69.45083333,8.883333333,Clear,0,1,2
17-09-2023,Sunday,1903000,18.65833333,18.65833333,83.21375,14.0625,Overcast,0,1,2
18-09-2023,Monday,3034000,17.4,17.4,78.95416667,19.25416667,Partially cloudy,0,0,2
19-09-2023,Tuesday,3523000,16.42083333,16.42083333,79.80083333,26.225,Overcast,0,0,2
20-09-2023,Wednesday,3592000,17.85416667,17.85416667,81.44041667,27.8875,Overcast,0,0,2
21-09-2023,Thursday,3772000,14.11666667,14.11666667,84.99208333,8.283333333,Partially cloudy,0,0,2
22-09-2023,Friday,3403000,13.45833333,13.45833333,79.83291667,11.025,Partially cloudy,0,0,2
23-09-2023,Saturday,3117000,13.25,12.95416667,70.55916667,12.8875,Clear,0,1,2
24-09-2023,Sunday,2208000,16.625,16.625,73.1325,18.2875,Overcast,0,1,2
25-09-2023,Monday,3151000,18.48333333,18.48333333,70.45041667,14.4,Partially cloudy,0,0,2
26-09-2023,Tuesday,3619000,18.2625,18.2625,75.95416667,13.48333333,Partially cloudy,0,0,2
27-09-2023,Wednesday,3723000,17.99166667,17.99166667,79.04208333,15.16666667,Partially cloudy,0,0,2
28-09-2023,Thursday,3840000,17.12083333,17.12083333,70.77083333,18.475,Overcast,0,0,2
29-09-2023,Friday,3556000,17.45416667,17.45416667,72.85375,14.95416667,Clear,0,0,2
30-09-2023,Saturday,2954000,15.52083333,15.52083333,74.0375,10.49166667,Partially cloudy,0,1,2
01-10-2023,Sunday,2247000,18.64583333,18.64583333,80.925,12.87916667,Overcast,0,1,2
02-10-2023,Monday,3258000,17.65416667,17.65416667,88.34916667,7.1125,Overcast,0,0,2
03-10-2023,Tuesday,3732000,15.4375,15.4375,74.3075,18.625,Partially cloudy,0,0,2
04-10-2023,Wednesday,2727000,14.32083333,14.32083333,75.53375,16.2125,Partially cloudy,0,0,2
05-10-2023,Thursday,3866000,15.2625,15.2625,72.485,14.58333333,Partially cloudy,0,0,2
06-10-2023,Friday,3378000,16.69583333,16.69583333,75.99541667,17.325,Partially cloudy,0,0,2
07-10-2023,Saturday,3235000,18.525,18.525,73.00333333,14.89166667,Clear,0,1,2
08-10-2023,Sunday,2377000,18.125,18.125,73.30833333,8.691666667,Clear,0,1,2
09-10-2023,Monday,3299000,17.7125,17.7125,76.99791667,6.858333333,Clear,0,0,2
10-10-2023,Tuesday,3746000,17.35416667,17.35416667,79.74583333,12.8125,Clear,0,0,2
11-10-2023,Wednesday,3802000,17.35,17.35,82.56166667,15.65,Overcast,0,0,2
12-10-2023,Thursday,3936000,14.9125,14.9125,94.53875,9.229166667,Overcast,0,0,2
13-10-2023,Friday,3535000,17.125,17.125,84.42833333,22.2,"Rain, Overcast",0,0,2
14-10-2023,Saturday,3144000,10.22083333,9.075,75.14083333,13.23333333,Clear,0,1,2
15-10-2023,Sunday,2160000,7.5,6.608333333,69.40791667,8.075,Clear,0,1,2
16-10-2023,Monday,3241000,8.466666667,8.370833333,73.53458333,8.275,Partially cloudy,0,0,2
17-10-2023,Tuesday,3774000,12.60416667,12.60416667,65.75791667,19.4625,Partially cloudy,0,0,2
18-10-2023,Wednesday,3717000,13.41666667,13.41666667,81.66166667,21.20416667,Partially cloudy,0,0,2
19-10-2023,Thursday,3803000,16.425,16.425,86.80916667,16.5,"Rain, Overcast",0,0,2
20-10-2023,Friday,3382000,14.87083333,14.87083333,89.88666667,11.01666667,Partially cloudy,0,0,2
21-10-2023,Saturday,3155000,13.37083333,13.37083333,90.56416667,11.4375,"Rain, Overcast",0,1,2
22-10-2023,Sunday,2244000,10.86666667,10.37916667,80.68083333,8.745833333,Clear,0,1,2
23-10-2023,Monday,3187000,11.65,11.525,88.33416667,10.1875,Clear,0,0,2
24-10-2023,Tuesday,3626000,11.1125,11.00833333,86.61166667,7.8625,Partially cloudy,0,0,2
25-10-2023,Wednesday,3694000,11.125,11.06666667,85.75541667,7.695833333,Partially cloudy,0,0,2
26-10-2023,Thursday,3772000,12.225,12.225,86.93041667,9.308333333,Partially cloudy,0,0,2
27-10-2023,Friday,3531000,10.62916667,10.62916667,89.2275,8.2125,Partially cloudy,0,0,2
28-10-2023,Saturday,3294000,12.0625,11.9875,87.915,11.86666667,Partially cloudy,0,1,2
29-10-2023,Sunday,2082000,10.696,10.468,89.2472,13.728,Partially cloudy,0,1,2
30-10-2023,Monday,3243000,11.1375,11.0625,88.385,8.958333333,"Rain, Partially cloudy",0,0,2
31-10-2023,Tuesday,3713000,10.72083333,10.66666667,90.49833333,8.9,Partially cloudy,0,0,2
01-11-2023,Wednesday,3861000,12.39166667,12.26666667,84.545,18.25833333,"Rain, Overcast",0,0,2
02-11-2023,Thursday,3785000,10.40833333,9.341666667,88.90041667,25.56666667,"Rain, Overcast",0,0,2
03-11-2023,Friday,3627000,9.904166667,8.229166667,82.22375,17.44583333,Partially cloudy,0,0,2
04-11-2023,Saturday,3062000,9.141666667,7.929166667,90.69041667,13.4125,Partially cloudy,0,1,2
05-11-2023,Sunday,2081000,10.1875,8.929166667,82.3,17.275,Partially cloudy,0,1,2
06-11-2023,Monday,3204000,9.770833333,8.333333333,80.15916667,15.84583333,Partially cloudy,0,0,2
07-11-2023,Tuesday,3713000,8.616666667,7.054166667,84.54791667,13.6375,Clear,0,0,2
08-11-2023,Wednesday,3778000,9.55,8.670833333,90.8475,14.20833333,"Rain, Overcast",0,0,2
09-11-2023,Thursday,3912000,8.1875,6.4625,83.92791667,14.07916667,Partially cloudy,0,0,2
10-11-2023,Friday,3532000,7.495833333,5.383333333,83.70583333,12.1625,Partially cloudy,0,0,2
11-11-2023,Saturday,3187000,5.820833333,4.55,87.85583333,8.191666667,Clear,0,1,2
12-11-2023,Sunday,2100000,8.004166667,6.945833333,90.19791667,8.120833333,Overcast,0,1,2
13-11-2023,Monday,3194000,12.54583333,12.33333333,80.33541667,25.5625,Partially cloudy,0,0,2
14-11-2023,Tuesday,3684000,10.7875,10.0625,86.71583333,18.55,Partially cloudy,0,0,2
15-11-2023,Wednesday,3815000,8.966666667,7.241666667,82.45541667,17.85833333,Clear,0,0,2
16-11-2023,Thursday,3915000,7.1875,5.929166667,88.63708333,7.975,Partially cloudy,0,0,2
17-11-2023,Friday,3790000,7.116666667,5.7125,88.49666667,8.966666667,Partially cloudy,0,0,2
18-11-2023,Saturday,3282000,12.40833333,11.97916667,90.76916667,18.60416667,"Rain, Overcast",0,1,2
19-11-2023,Sunday,2253000,12.37083333,12.37083333,78.185,25.6,Overcast,0,1,2
20-11-2023,Monday,3290000,10.42083333,9.841666667,82.72333333,12.65,Overcast,0,0,2
21-11-2023,Tuesday,3773000,10.19166667,9.366666667,84.05583333,13.89166667,Overcast,0,0,2
22-11-2023,Wednesday,3832000,8.304166667,7.358333333,86.53333333,9.891666667,Partially cloudy,0,0,2
23-11-2023,Thursday,4047000,10.62916667,9.754166667,86.3325,18.45416667,Partially cloudy,0,0,2
24-11-2023,Friday,3927000,8.145833333,6.175,60.3225,16.05,Overcast,0,0,2
25-11-2023,Saturday,3661000,3.220833333,1.016666667,73.37541667,9.654166667,Clear,0,1,2
26-11-2023,Sunday,2408000,4.0875,3.266666667,90.65541667,6.258333333,Partially cloudy,0,1,2
27-11-2023,Monday,3335000,8.133333333,5.570833333,90.81125,16.65416667,Overcast,0,0,2
28-11-2023,Tuesday,3855000,5.195833333,2.925,82.74708333,10.27083333,Partially cloudy,0,0,2
29-11-2023,Wednesday,3913000,3.75,2.920833333,78.08541667,5.120833333,Partially cloudy,0,0,2
30-11-2023,Thursday,4110000,1.9125,-0.5875,82.43708333,9.116666667,Partially cloudy,0,0,2
01-12-2023,Friday,3957000,1.479166667,-0.991666667,86.26458333,8.566666667,Clear,0,0,3
02-12-2023,Saturday,3571000,-0.483333333,-2.779166667,92.65291667,6.875,Overcast,0,1,3
03-12-2023,Sunday,2393000,5.4375,2.966666667,91.99708333,11.79583333,"Rain, Overcast",0,1,3
04-12-2023,Monday,3489000,6.779166667,4.033333333,91.96625,15.1375,"Rain, Overcast",0,0,3
05-12-2023,Tuesday,3917000,6.320833333,4.15,88.46333333,10.87083333,Overcast,0,0,3
06-12-2023,Wednesday,3914000,3.791666667,2.641666667,88.06125,6.179166667,Partially cloudy,0,0,3
07-12-2023,Thursday,4288000,7.179166667,4.204166667,84.54,17.84583333,Partially cloudy,0,0,3
08-12-2023,Friday,4068000,8.75,7.291666667,87.90083333,13.01666667,Partially cloudy,0,0,3
09-12-2023,Saturday,3660000,10.30833333,8.995833333,80.07375,27.00416667,Partially cloudy,0,1,3
10-12-2023,Sunday,2558000,9.754166667,8.283333333,80.67333333,23.30416667,Partially cloudy,0,1,3
11-12-2023,Monday,3502000,9.645833333,8.9375,78.285,19.14583333,Partially cloudy,0,0,3
12-12-2023,Tuesday,3880000,9.3625,8.0625,93.91541667,12.95,Partially cloudy,0,0,3
13-12-2023,Wednesday,3963000,7.783333333,5.0875,87.64,16.62083333,Overcast,0,0,3
14-12-2023,Thursday,4109000,6.045833333,4.516666667,89.8725,8.104166667,Overcast,0,0,3
15-12-2023,Friday,3817000,7.4625,6.175,83.49916667,8.3,Overcast,0,0,3
16-12-2023,Saturday,3488000,10.03333333,9.266666667,88.61041667,17.10833333,Overcast,0,1,3
17-12-2023,Sunday,2549000,10.25,9.679166667,79.22,20.23333333,Overcast,0,1,3
18-12-2023,Monday,3245000,11.23333333,11.23333333,79.98583333,20.5875,Overcast,0,0,3
19-12-2023,Tuesday,3474000,10.2625,9.383333333,88.78583333,15.70416667,Overcast,0,0,3
20-12-2023,Wednesday,3403000,8.245833333,6.395833333,83.33875,22.15,Partially cloudy,0,0,3
21-12-2023,Thursday,3272000,12.09583333,12.09583333,71.555,29.69166667,Partially cloudy,0,0,3
22-12-2023,Friday,3021000,10.99583333,10.65,73.65833333,26.55833333,Overcast,0,0,3
23-12-2023,Saturday,2587000,10.7625,10.025,75.21,26.24583333,Overcast,0,1,3
24-12-2023,Sunday,1512000,13.44583333,13.44583333,82.34333333,30.24583333,Overcast,0,1,3
25-12-2023,Monday,0,12.4625,12.4625,88.45291667,21.54166667,Overcast,1,0,3
26-12-2023,Tuesday,1523000,7.95,6.391666667,80.255,12.39166667,Partially cloudy,1,0,3
27-12-2023,Wednesday,2412000,10.47916667,9.954166667,85.76666667,23.93333333,"Rain, Overcast",0,0,3
28-12-2023,Thursday,2705000,11.675,11.675,75.13833333,30.65833333,Overcast,0,0,3
29-12-2023,Friday,2835000,9.766666667,8.783333333,74.93708333,22.9125,Partially cloudy,0,0,3
30-12-2023,Saturday,2667000,9.816666667,8.875,83.71916667,21.96666667,Overcast,0,1,3
31-12-2023,Sunday,2720000,8.458333333,5.5625,81.80125,25.55833333,"Rain, Overcast",0,1,3
01-01-2024,Monday,1631000,8.6375,5.879166667,80.26333333,21.2875,"Rain, Overcast",1,0,3
02-01-2024,Tuesday,2622000,11.67083333,11.67083333,83.88666667,28.92916667,Overcast,0,0,3
03-01-2024,Wednesday,2856000,10.00833333,8.545833333,80.65833333,20.75416667,Partially cloudy,0,0,3
04-01-2024,Thursday,3027000,7.9875,5.583333333,86.28125,14.98333333,"Rain, Overcast",0,0,3
05-01-2024,Friday,2825000,6.625,3.908333333,84.81625,15.67083333,Overcast,0,0,3
06-01-2024,Saturday,2508000,6.1,4.179166667,79.43333333,9.7625,Overcast,0,1,3
07-01-2024,Sunday,1547000,3.979166667,0.5625,69.60833333,15.25,Partially cloudy,0,1,3
08-01-2024,Monday,2337000,3.058333333,-0.9375,65.635,17.57916667,Overcast,0,0,3
09-01-2024,Tuesday,3023000,2.866666667,-1.733333333,66.4575,21.64166667,Overcast,0,0,3
10-01-2024,Wednesday,3145000,3.1,-0.483333333,63.74125,15.2125,Clear,0,0,3
11-01-2024,Thursday,3294000,3.225,0.3125,81.99041667,11.8,Overcast,0,0,3
12-01-2024,Friday,3015000,5.458333333,3.0125,79.46125,12.32083333,Overcast,0,0,3
13-01-2024,Saturday,2818000,3.2625,1.141666667,82.59083333,8.558333333,Overcast,0,1,3
14-01-2024,Sunday,1828000,4.4125,1.641666667,80.4225,12.14583333,Overcast,0,1,3
15-01-2024,Monday,2994000,0.975,-2.116666667,67.13166667,11.05416667,Clear,0,0,3
16-01-2024,Tuesday,3469000,0.070833333,-1.883333333,70.99583333,7.704166667,Clear,0,0,3
17-01-2024,Wednesday,3472000,1.254166667,-0.783333333,76.475,8.9625,Overcast,0,0,3
18-01-2024,Thursday,3596000,-0.425,-3.658333333,67.98208333,9.945833333,Clear,0,0,3
19-01-2024,Friday,3200000,0.370833333,-2.520833333,78.27625,9.8,Clear,0,0,3
20-01-2024,Saturday,2988000,4.008333333,0.216666667,70.3425,18.275,Partially cloudy,0,1,3
21-01-2024,Sunday,1936000,9.495833333,7.6875,78.94,32.53333333,Overcast,0,1,3
22-01-2024,Monday,3047000,10.075,8.3125,73.51375,32.64583333,Partially cloudy,0,0,3
23-01-2024,Tuesday,3520000,9.504166667,7.929166667,85.24,24.1125,Overcast,0,0,3
24-01-2024,Wednesday,3593000,10.95833333,10.60833333,68.0225,28.37083333,Partially cloudy,0,0,3
25-01-2024,Thursday,3691000,9.979166667,9.483333333,87.97625,14.57916667,Overcast,0,0,3
26-01-2024,Friday,3440000,9.0875,7.35,68.26541667,20.54583333,Clear,0,0,3
27-01-2024,Saturday,3049000,4.95,3.1375,81.84083333,9.416666667,Partially cloudy,0,1,3
28-01-2024,Sunday,2009000,6.983333333,5.266666667,82.40666667,11.375,Partially cloudy,0,1,3
29-01-2024,Monday,3065000,10.77916667,10.52083333,87.32416667,12.84583333,Overcast,0,0,3
30-01-2024,Tuesday,3248000,9.079166667,7.483333333,77.51375,16.7,Overcast,0,0,3
31-01-2024,Wednesday,3578000,8.816666667,7.466666667,72.4875,17.8125,Overcast,0,0,3
01-02-2024,Thursday,3689000,7.6875,6.158333333,69.85375,11.2375,Clear,0,0,3
02-02-2024,Friday,3229000,9.8375,8.470833333,82.89458333,21.57083333,Overcast,0,0,3
03-02-2024,Saturday,2826000,12.1125,12.1125,83.56166667,22.4125,Overcast,0,1,3
04-02-2024,Sunday,1964000,11.89583333,11.89583333,85.11166667,25.33333333,Overcast,0,1,3
05-02-2024,Monday,3073000,10.55833333,9.783333333,74.93041667,27.54166667,Overcast,0,0,3
06-02-2024,Tuesday,3577000,12.57916667,12.57916667,76.16416667,31.12083333,Overcast,0,0,3
07-02-2024,Wednesday,3618000,5.9125,4.191666667,87.03375,9.158333333,Overcast,0,0,3
08-02-2024,Thursday,3714000,7.929166667,6.304166667,92.02666667,15.375,"Rain, Overcast",0,0,3
09-02-2024,Friday,3343000,11.125,11.125,89.77916667,20.175,"Rain, Overcast",0,0,3
10-02-2024,Saturday,3054000,9.8875,9.270833333,87.17875,8.920833333,Overcast,0,1,3
11-02-2024,Sunday,2235000,8.870833333,7.795833333,82.43708333,11.09583333,Partially cloudy,0,1,3
12-02-2024,Monday,3227000,6.658333333,4.445833333,75.02791667,12.69583333,Clear,0,0,3
13-02-2024,Tuesday,3613000,8.479166667,6.441666667,85.87625,17.34166667,"Rain, Overcast",0,0,3
14-02-2024,Wednesday,3641000,12.6375,12.6375,88.33958333,19.05416667,Overcast,0,0,3
15-02-2024,Thursday,3749000,13.89166667,13.89166667,80.74208333,14.7,Partially cloudy,0,0,3
16-02-2024,Friday,3426000,11.80833333,11.80833333,79.2025,15.7875,Overcast,0,0,3
17-02-2024,Saturday,3216000,11.33333333,11.275,84.63541667,14.925,Overcast,0,1,3
18-02-2024,Sunday,2020000,12.35,12.35,84.70333333,16.74166667,"Rain, Overcast",0,1,3
19-02-2024,Monday,3078000,10.24583333,9.225,79.10166667,14.50416667,Partially cloudy,0,0,3
20-02-2024,Tuesday,3601000,9.2375,8.191666667,83.39166667,16.94583333,Partially cloudy,0,0,3
21-02-2024,Wednesday,3668000,10.47916667,9.645833333,86.72291667,22.15416667,Overcast,0,0,3
22-02-2024,Thursday,3818000,8.154166667,6.116666667,88.11708333,19.375,"Rain, Overcast",0,0,3
23-02-2024,Friday,3490000,5.783333333,3.008333333,81.38416667,14.4125,Partially cloudy,0,0,3
24-02-2024,Saturday,3155000,5.025,4.125,83.5875,5.7875,Clear,0,1,3
25-02-2024,Sunday,2099000,5.1875,2.933333333,88.69583333,14.41666667,Partially cloudy,0,1,3
26-02-2024,Monday,3153000,7.083333333,3.095833333,70.76,27.55,Partially cloudy,0,0,3
27-02-2024,Tuesday,3596000,6.558333333,4.625,74.38833333,10.675,Partially cloudy,0,0,3
28-02-2024,Wednesday,3655000,9.4875,9.029166667,86.15708333,14.225,Overcast,0,0,3
29-02-2024,Thursday,3806000,9.4375,8.6625,86.6275,15.87916667,"Rain, Overcast",0,0,3
01-03-2024,Friday,3384000,5.825,2.5625,81.45041667,18.38333333,Partially cloudy,0,0,0
02-03-2024,Saturday,3101000,5.920833333,3.066666667,82.65333333,15.3875,Partially cloudy,0,1,0
03-03-2024,Sunday,2122000,5.345833333,4.829166667,78.02208333,5.4375,Partially cloudy,0,1,0
04-03-2024,Monday,3131000,6.795833333,5.595833333,75.28875,13.70416667,Partially cloudy,0,0,0
05-03-2024,Tuesday,3581000,8.1875,7.125,82.095,8.304166667,Overcast,0,0,0
06-03-2024,Wednesday,3676000,7.920833333,7.491666667,82.25583333,5.65,Partially cloudy,0,0,0
07-03-2024,Thursday,3801000,8.033333333,6.041666667,79.98333333,15.61666667,Partially cloudy,0,0,0
08-03-2024,Friday,3509000,7.5125,4.895833333,74.555,17.92916667,Partially cloudy,0,0,0
09-03-2024,Saturday,3152000,9.8,8.604166667,73.23958333,15.69166667,Partially cloudy,0,1,0
10-03-2024,Sunday,1959000,8.6125,7.55,93.08875,7.641666667,"Rain, Overcast",0,1,0
11-03-2024,Monday,3137000,8.1125,6.3875,87.51416667,10.6375,Overcast,0,0,0
12-03-2024,Tuesday,3609000,10.37916667,9.533333333,90.46375,15.35416667,Overcast,0,0,0
13-03-2024,Wednesday,3622000,12.05416667,12.05416667,81.26625,19.24583333,Overcast,0,0,0
14-03-2024,Thursday,3742000,12.12916667,11.79166667,81.04333333,17.54166667,Partially cloudy,0,0,0
15-03-2024,Friday,3447000,12.8625,12.8625,78.32791667,21.60416667,Overcast,0,0,0
16-03-2024,Saturday,3016000,10.19583333,9.6,69.11541667,11.29166667,Overcast,0,1,0
17-03-2024,Sunday,2056000,12.30833333,12.2375,86.37,13.3,Partially cloudy,0,1,0
18-03-2024,Monday,3145000,11.675,11.37916667,81.62,14.6125,Overcast,0,0,0
19-03-2024,Tuesday,3595000,11.87916667,11.87916667,82.3175,16.84166667,Overcast,0,0,0
20-03-2024,Wednesday,3623000,13.5875,13.5875,73.95583333,7.741666667,Partially cloudy,0,0,0
21-03-2024,Thursday,3761000,12.48333333,12.44166667,77.01333333,12.69166667,Partially cloudy,0,0,0
22-03-2024,Friday,3417000,10.33333333,9.979166667,72.63833333,14.60833333,Partially cloudy,0,0,0
23-03-2024,Saturday,3185000,7.566666667,4.679166667,64.295,23.43333333,Partially cloudy,0,1,0
24-03-2024,Sunday,2086000,8.891666667,7.058333333,61.68375,18.77916667,Partially cloudy,0,1,0
25-03-2024,Monday,3152000,9.179166667,8.275,69.15708333,13.6625,Partially cloudy,0,0,0
26-03-2024,Tuesday,3660000,10.21666667,9.208333333,73.1,10.56666667,Partially cloudy,0,0,0
27-03-2024,Wednesday,3582000,8.179166667,6.008333333,77.8525,18.98333333,Partially cloudy,0,0,0
28-03-2024,Thursday,3514000,8.683333333,6.391666667,78.29833333,26.625,"Rain, Partially cloudy",0,0,0
29-03-2024,Friday,2537000,10.25,8.791666667,74.7675,19.59583333,Partially cloudy,1,0,0
30-03-2024,Saturday,2816000,9.995833333,9.529166667,70.26625,8.604166667,Partially cloudy,0,1,0
31-03-2024,Sunday,1785000,9.47826087,8.304347826,84.3473913,15.80869565,Partially cloudy,0,1,0
01-04-2024,Monday,1975000,10.725,10.02916667,75.68916667,13.57083333,Partially cloudy,1,0,0
02-04-2024,Tuesday,3108000,11.04583333,10.30833333,79.10083333,17.45,Partially cloudy,0,0,0
03-04-2024,Wednesday,3310000,11.85833333,11.85833333,79.59416667,22.39583333,Overcast,0,0,0
04-04-2024,Thursday,3439000,12.62083333,12.62083333,80.69625,21.3875,Overcast,0,0,0
05-04-2024,Friday,3170000,14.37916667,14.37916667,76.84375,23.15416667,Overcast,0,0,0
06-04-2024,Saturday,2729000,16.525,16.525,65.13958333,25.27916667,Partially cloudy,0,1,0
07-04-2024,Sunday,2090000,13.70833333,13.70833333,64.59208333,29.85416667,Partially cloudy,0,1,0
08-04-2024,Monday,2645000,13.0125,12.97083333,75.15208333,14.67083333,Partially cloudy,0,0,0
09-04-2024,Tuesday,3401000,10.3125,8.770833333,68.08666667,29.67083333,Overcast,0,0,0
10-04-2024,Wednesday,3436000,9.945833333,9.025,81.20041667,19.20833333,Clear,0,0,0
11-04-2024,Thursday,3592000,14.95833333,14.95833333,81.88291667,17.75,Overcast,0,0,0
12-04-2024,Friday,3344000,15.1625,15.1625,69.01875,19.72083333,Clear,0,0,0
13-04-2024,Saturday,2934000,15.76666667,15.76666667,68.29333333,19.13333333,Partially cloudy,0,1,0
14-04-2024,Sunday,1986000,11.94166667,11.77916667,59.50416667,15.14166667,Partially cloudy,0,1,0
15-04-2024,Monday,2911000,9.725,7.45,63.42333333,30.64166667,Partially cloudy,0,0,0
16-04-2024,Tuesday,3470000,10.15833333,8.625,64.88083333,21.04166667,Overcast,0,0,0
17-04-2024,Wednesday,3603000,8.55,6.945833333,63.68375,16.15833333,Partially cloudy,0,0,0
18-04-2024,Thursday,3777000,9.708333333,8.454166667,60.44083333,16.275,Partially cloudy,0,0,0
19-04-2024,Friday,3377000,10.63333333,9.729166667,73.02333333,19.09583333,Overcast,0,0,0
20-04-2024,Saturday,3303000,8.2125,6.566666667,56.84666667,15.0375,Partially cloudy,0,1,0
21-04-2024,Sunday,2564000,8.570833333,6.966666667,60.13833333,16.0875,Partially cloudy,0,1,0
22-04-2024,Monday,3121000,7.8125,6.366666667,67.92791667,8.975,Partially cloudy,0,0,0
23-04-2024,Tuesday,3647000,8.2125,7.179166667,74.65958333,10.44583333,Overcast,0,0,0
24-04-2024,Wednesday,3654000,8.158333333,6.329166667,56.66791667,12.425,Partially cloudy,0,0,0
25-04-2024,Thursday,3850000,7.845833333,7.15,72.07958333,9.158333333,Partially cloudy,0,0,0
26-04-2024,Friday,3422000,9.083333333,8.6375,62.36833333,8.345833333,Partially cloudy,0,0,0
27-04-2024,Saturday,3104000,8.633333333,6.7,83.77791667,14.85416667,"Rain, Overcast",0,1,0
28-04-2024,Sunday,2056000,9.170833333,7.241666667,80.9475,16.97083333,"Rain, Overcast",0,1,0
29-04-2024,Monday,3158000,11.65,10.91666667,66.64958333,18.60833333,Partially cloudy,0,0,0
30-04-2024,Tuesday,3627000,13.73333333,13.42083333,65.89625,14.74166667,Clear,0,0,0
01-05-2024,Wednesday,3654000,14.39583333,14.33333333,83.725,6.766666667,Overcast,0,0,0
02-05-2024,Thursday,3756000,13.325,13.325,85.38083333,14.22916667,Overcast,0,0,0
03-05-2024,Friday,3327000,10.85416667,9.941666667,87.455,18.3625,"Rain, Overcast",0,0,0
04-05-2024,Saturday,2908000,12.60833333,12.28333333,72.615,8.529166667,Partially cloudy,0,1,0
05-05-2024,Sunday,2152000,12.7375,12.70416667,75.41166667,7.608333333,Clear,0,1,0
06-05-2024,Monday,1756000,12.42083333,12.42083333,89.8475,7.3375,Overcast,1,0,0
07-05-2024,Tuesday,3135000,15.00833333,15.00833333,71.96375,11.175,Clear,0,0,0
08-05-2024,Wednesday,3466000,14.84166667,14.84166667,72.10708333,7.25,Clear,0,0,0
09-05-2024,Thursday,3780000,17.00416667,17.00416667,66.65708333,7.591666667,Clear,0,0,0
10-05-2024,Friday,3491000,17.55416667,17.55416667,64.98291667,7.825,Clear,0,0,0
11-05-2024,Saturday,3131000,16.275,16.275,72.5375,13.00833333,Clear,0,1,0
12-05-2024,Sunday,2118000,19.21666667,19.21666667,62.88625,10.87083333,Clear,0,1,0
13-05-2024,Monday,3116000,15.7375,15.7375,73.40333333,16.7875,Overcast,0,0,0
14-05-2024,Tuesday,3643000,15.6375,15.6375,77.75291667,14.49166667,Partially cloudy,0,0,0
15-05-2024,Wednesday,3719000,16.64166667,16.64166667,69.6625,11.1375,Partially cloudy,0,0,0
16-05-2024,Thursday,3751000,14.1875,14.1875,89.15041667,5.5625,Partially cloudy,0,0,0
17-05-2024,Friday,3357000,16.3375,16.3375,70.43958333,6.65,Partially cloudy,0,0,0
18-05-2024,Saturday,3076000,15.72083333,15.72083333,78.11958333,7.6875,Partially cloudy,0,1,0
19-05-2024,Sunday,2280000,16.94583333,16.94583333,63.51625,12.0875,Partially cloudy,0,1,0
20-05-2024,Monday,3199000,15.6375,15.6375,67.05833333,12.26666667,Clear,0,0,0
21-05-2024,Tuesday,3672000,13.49166667,13.49166667,87.115,9.9125,Overcast,0,0,0
22-05-2024,Wednesday,3672000,14.00833333,14.00833333,93.98166667,16.425,"Rain, Overcast",0,0,0
23-05-2024,Thursday,3799000,14.59583333,14.59583333,73.04708333,17.95833333,Partially cloudy,0,0,0
24-05-2024,Friday,3409000,14.49583333,14.42916667,63.555,9.6125,Partially cloudy,0,0,0
25-05-2024,Saturday,2961000,15.7,15.67916667,64.0675,7.925,Partially cloudy,0,1,0
26-05-2024,Sunday,2393000,15.625,15.625,74.53791667,16.24166667,Partially cloudy,0,1,0
27-05-2024,Monday,2032000,13.77916667,13.77916667,72.78333333,17.1,Partially cloudy,1,0,0
28-05-2024,Tuesday,3321000,14.225,14.225,87.41208333,17.13333333,Overcast,0,0,0
29-05-2024,Wednesday,3525000,16.45416667,16.45416667,68.82291667,18.01666667,Partially cloudy,0,0,0
30-05-2024,Thursday,3661000,15.14583333,15.14583333,70.01041667,15.14166667,Partially cloudy,0,0,0
31-05-2024,Friday,3330000,13.6,13.6,74.25416667,19.54166667,Overcast,0,0,0
01-06-2024,Saturday,3028000,13.35,13.35,71.48208333,18.25416667,Overcast,0,1,1
02-06-2024,Sunday,2120000,16.875,16.875,60.08666667,11.75416667,Clear,0,1,1
03-06-2024,Monday,2998000,16.96666667,16.96666667,70.01958333,8.170833333,Overcast,0,0,1
04-06-2024,Tuesday,3477000,17.05416667,17.05416667,73.0525,15.14583333,Overcast,0,0,1
05-06-2024,Wednesday,3585000,13.23333333,13.20416667,59.93583333,12.9125,Partially cloudy,0,0,1
06-06-2024,Thursday,3753000,14.425,14.425,59.25958333,11.6,Partially cloudy,0,0,1
07-06-2024,Friday,3398000,14.98333333,14.96666667,62.63916667,14.37916667,Partially cloudy,0,0,1
08-06-2024,Saturday,3110000,15.075,15.075,62.98583333,14.4875,Partially cloudy,0,1,1
09-06-2024,Sunday,2177000,13.49166667,13.42083333,60.17666667,12.04166667,Clear,0,1,1
10-06-2024,Monday,3151000,12.48333333,12.48333333,76.00458333,16.7875,Partially cloudy,0,0,1
11-06-2024,Tuesday,3631000,12.0875,11.7625,69.00333333,9.979166667,Partially cloudy,0,0,1
12-06-2024,Wednesday,3624000,13.07916667,13.07083333,64.1275,6.9375,Partially cloudy,0,0,1
13-06-2024,Thursday,3716000,12.95,12.87916667,69.60333333,15.55,Clear,0,0,1
14-06-2024,Friday,3366000,15.27916667,15.27916667,72.11666667,20.51666667,Overcast,0,0,1
15-06-2024,Saturday,2807000,13.69583333,13.69583333,77.78708333,20.60833333,"Rain, Overcast",0,1,1
16-06-2024,Sunday,2190000,15.9,15.9,65.63791667,18.22083333,Partially cloudy,0,1,1
17-06-2024,Monday,3159000,16.94166667,16.94166667,61.69166667,12.25833333,Partially cloudy,0,0,1
18-06-2024,Tuesday,3593000,17.67916667,17.67916667,63.75708333,10.21666667,Partially cloudy,0,0,1
19-06-2024,Wednesday,3731000,16.24166667,16.24166667,65.45875,14.34583333,Partially cloudy,0,0,1
20-06-2024,Thursday,3868000,16.95,16.95,59.93458333,8.566666667,Clear,0,0,1
21-06-2024,Friday,3569000,18.22083333,18.22083333,63.08583333,13.8,Clear,0,0,1
22-06-2024,Saturday,3315000,17.74166667,17.74166667,68.1975,14.2875,Overcast,0,1,1
23-06-2024,Sunday,2351000,18.825,18.825,64.36625,9.366666667,Clear,0,1,1
24-06-2024,Monday,3187000,22.075,22.08333333,64.80208333,6.766666667,Partially cloudy,0,0,1
25-06-2024,Tuesday,3628000,22.22083333,22.2,59.54666667,6.216666667,Clear,0,0,1
26-06-2024,Wednesday,3617000,23.05416667,23.05833333,58.74791667,9.120833333,Clear,0,0,1
27-06-2024,Thursday,3740000,20.32916667,20.32916667,60.52083333,19.28333333,Partially cloudy,0,0,1
28-06-2024,Friday,3401000,16.7,16.7,59.52,18.7125,Clear,0,0,1
29-06-2024,Saturday,3373000,18.54583333,18.54583333,52.56291667,7.004166667,Clear,0,1,1
30-06-2024,Sunday,2194000,17.51666667,17.51666667,64.14791667,12.41666667,Overcast,0,1,1
01-07-2024,Monday,3163000,16.84583333,16.84583333,62.08041667,13.375,Overcast,0,0,1
02-07-2024,Tuesday,3624000,15.69166667,15.69166667,68.6575,13.33333333,Overcast,0,0,1
03-07-2024,Wednesday,3856000,15.94166667,15.94166667,75.38958333,13.82083333,Overcast,0,0,1
04-07-2024,Thursday,3873000,16.775,16.775,56.69458333,23.79166667,Partially cloudy,0,0,1
05-07-2024,Friday,3442000,16.60416667,16.60416667,81.57041667,17.28333333,"Rain, Overcast",0,0,1
06-07-2024,Saturday,3053000,14.60416667,14.60416667,80.08708333,20.86666667,"Rain, Overcast",0,1,1
07-07-2024,Sunday,2343000,14.33333333,14.33333333,75.90083333,14.775,Partially cloudy,0,1,1
08-07-2024,Monday,3264000,15.23333333,15.23333333,79.6925,9.041666667,Partially cloudy,0,0,1
09-07-2024,Tuesday,3647000,17.12916667,17.12916667,91.85958333,15.34166667,"Rain, Overcast",0,0,1
10-07-2024,Wednesday,3790000,18.07916667,18.07916667,73.43666667,19.9875,Overcast,0,0,1
11-07-2024,Thursday,3887000,18.29166667,18.29166667,65.02666667,13.12083333,Partially cloudy,0,0,1
12-07-2024,Friday,3533000,15.7625,15.7625,71.22291667,13.74166667,Overcast,0,0,1
13-07-2024,Saturday,3149000,15.94583333,15.94583333,65.45875,10.325,Partially cloudy,0,1,1
14-07-2024,Sunday,2413000,17.14166667,17.14166667,68.79125,10.425,Partially cloudy,0,1,1
15-07-2024,Monday,3038000,17.15416667,17.15416667,78.3975,8.733333333,Clear,0,0,1
16-07-2024,Tuesday,3513000,17.68333333,17.68333333,79.83125,14.69166667,Partially cloudy,0,0,1
17-07-2024,Wednesday,3670000,19.06666667,19.06666667,68.59625,8.795833333,Clear,0,0,1
18-07-2024,Thursday,3688000,20.9875,20.97916667,64.2375,8.9875,Clear,0,0,1
19-07-2024,Friday,3225000,23.95833333,23.925,60.21375,9.579166667,Clear,0,0,1
20-07-2024,Saturday,2773000,20.22083333,20.22083333,77.38291667,13.325,Overcast,0,1,1
21-07-2024,Sunday,1994000,20.17083333,20.17083333,69.45791667,13.0625,Partially cloudy,0,1,1
22-07-2024,Monday,3062000,19.02916667,19.02916667,73.02458333,18.86666667,Partially cloudy,0,0,1
23-07-2024,Tuesday,3516000,19.75,19.75,73.43541667,11.88333333,Overcast,0,0,1
24-07-2024,Wednesday,3558000,19.9875,19.9875,71.50708333,13.80833333,Partially cloudy,0,0,1
25-07-2024,Thursday,3715000,17.93333333,17.93333333,85.92166667,16.75833333,Overcast,0,0,1
26-07-2024,Friday,3289000,18.51666667,18.51666667,68.97,13.44166667,Partially cloudy,0,0,1
27-07-2024,Saturday,3058000,18.50416667,18.50416667,63.39666667,10.08333333,Clear,0,1,1
28-07-2024,Sunday,2103000,19.85416667,19.85416667,60.69375,6.554166667,Clear,0,1,1
29-07-2024,Monday,2994000,21.90833333,21.80833333,57.3775,8.933333333,Clear,0,0,1
30-07-2024,Tuesday,3396000,23.89166667,23.80416667,58.3775,7.8,Clear,0,0,1
31-07-2024,Wednesday,3378000,23.09166667,23.10833333,57.8225,13.1125,Clear,0,0,1
01-08-2024,Thursday,3402000,22.32916667,22.4625,69.88708333,6.320833333,Partially cloudy,0,0,1
02-08-2024,Friday,3083000,21.85,21.87083333,73.535,9.7375,Overcast,0,0,1
03-08-2024,Saturday,2717000,20.89583333,20.89583333,64.35208333,15.9875,Partially cloudy,0,1,1
04-08-2024,Sunday,1999000,18.4375,18.4375,58.92625,10.69583333,Clear,0,1,1
05-08-2024,Monday,2864000,19.88333333,19.88333333,72.30458333,15.31666667,Partially cloudy,0,0,1
06-08-2024,Tuesday,3208000,19.42083333,19.42083333,75.75541667,13.46666667,Partially cloudy,0,0,1
07-08-2024,Wednesday,3235000,17.62083333,17.62083333,67.52875,14.7625,Partially cloudy,0,0,1
08-08-2024,Thursday,3290000,17.875,17.875,77.29541667,18.0125,Overcast,0,0,1
09-08-2024,Friday,3039000,21.10833333,21.10833333,65.07875,22.75,Overcast,0,0,1
10-08-2024,Saturday,2939000,19.63333333,19.63333333,70.15708333,14.82083333,Partially cloudy,0,1,1
11-08-2024,Sunday,2207000,22.2625,22.39583333,66.54375,11.98333333,Partially cloudy,0,1,1
12-08-2024,Monday,2667000,24.99583333,25.72916667,66.70791667,16.14583333,Clear,0,0,1
13-08-2024,Tuesday,3201000,20.65833333,20.65833333,60.98125,12.5875,Clear,0,0,1
14-08-2024,Wednesday,3339000,20.7125,20.7125,72.64875,8.75,Overcast,0,0,1
15-08-2024,Thursday,3548000,19.1875,19.1875,75.80333333,18.84583333,Overcast,0,0,1
16-08-2024,Friday,3284000,19.70416667,19.70416667,69.69375,9.704166667,Clear,0,0,1
17-08-2024,Saturday,3084000,18.26666667,18.26666667,58.59333333,7.9625,Clear,0,1,1
18-08-2024,Sunday,2238000,18.73333333,18.73333333,61.03333333,11.99166667,Clear,0,1,1
19-08-2024,Monday,3035000,17.22083333,17.22083333,71.58583333,13.24166667,Clear,0,0,1
20-08-2024,Tuesday,3373000,19.69583333,19.69583333,64.36083333,21.22916667,Overcast,0,0,1
21-08-2024,Wednesday,3343000,16.67916667,16.67916667,64.00208333,19.2875,Partially cloudy,0,0,1
22-08-2024,Thursday,3335000,17.82916667,17.82916667,77.81291667,24.07916667,Overcast,0,0,1
23-08-2024,Friday,3027000,19.40416667,19.40416667,63.7225,25.29166667,Partially cloudy,0,0,1
24-08-2024,Saturday,2542000,15.3,15.3,88.40291667,12.19166667,"Rain, Overcast",0,1,1
25-08-2024,Sunday,2249000,15.475,15.475,72.07875,19.325,Partially cloudy,0,1,1
26-08-2024,Monday,2111000,18.35833333,18.35833333,68.08916667,16.3,Partially cloudy,1,0,1
27-08-2024,Tuesday,3039000,19.925,19.925,67.25416667,14.10833333,Partially cloudy,0,0,1
28-08-2024,Wednesday,3250000,21.30416667,21.29583333,62.72625,10.15833333,Clear,0,0,1
29-08-2024,Thursday,3337000,18.275,18.275,62.84666667,12.6375,Clear,0,0,1
30-08-2024,Friday,3075000,17.41666667,17.41666667,64.06041667,9.545833333,Clear,0,0,1
31-08-2024,Saturday,2748000,17.84166667,17.84166667,70.38666667,16.62083333,Overcast,0,1,1
01-09-2024,Sunday,1934000,21.56666667,21.725,74.75916667,12.70833333,Partially cloudy,0,1,2
02-09-2024,Monday,2853000,19.94166667,19.94166667,84.74666667,12.9625,Overcast,0,0,2
03-09-2024,Tuesday,3294000,19.24583333,19.24583333,77.85083333,11.0875,Overcast,0,0,2
04-09-2024,Wednesday,3360000,17.27916667,17.27916667,68.38416667,8.6625,Partially cloudy,0,0,2
05-09-2024,Thursday,3492000,16.825,16.825,90.06083333,13.65,"Rain, Overcast",0,0,2
06-09-2024,Friday,3137000,17.6125,17.6125,93.80916667,8.5875,Overcast,0,0,2
07-09-2024,Saturday,2875000,17.2,17.2,85.8675,3.866666667,Partially cloudy,0,1,2
08-09-2024,Sunday,1968000,17.09583333,17.09583333,85.985,8.158333333,Partially cloudy,0,1,2
09-09-2024,Monday,3039000,15.5125,15.5125,78.17666667,16.1125,Overcast,0,0,2
10-09-2024,Tuesday,3592000,14.28333333,14.28333333,79.03208333,18.675,Overcast,0,0,2
11-09-2024,Wednesday,3631000,11.23333333,10.40416667,74.09291667,17.50416667,Partially cloudy,0,0,2
12-09-2024,Thursday,3750000,10.5875,9.666666667,70.89208333,12.39583333,Clear,0,0,2
13-09-2024,Friday,3303000,11.1875,10.8875,65.76041667,6.320833333,Clear,0,0,2
14-09-2024,Saturday,2893000,12.75416667,12.75416667,70.36166667,9.058333333,Clear,0,1,2
15-09-2024,Sunday,2005000,14.55416667,14.43333333,75.80708333,9.883333333,Partially cloudy,0,1,2
16-09-2024,Monday,3156000,16.22083333,16.22083333,70.72708333,9.8,Clear,0,0,2
17-09-2024,Tuesday,3584000,16.13333333,16.13333333,68.21833333,13.42916667,Partially cloudy,0,0,2
18-09-2024,Wednesday,3654000,18.925,18.925,69.68583333,16.92083333,Partially cloudy,0,0,2
19-09-2024,Thursday,3801000,19.675,19.675,72.07125,17.5875,Clear,0,0,2
20-09-2024,Friday,3404000,18.74166667,18.74166667,71.37791667,15.75,Overcast,0,0,2
21-09-2024,Saturday,3141000,19.1875,19.1875,75.56916667,9.608333333,Partially cloudy,0,1,2
22-09-2024,Sunday,2081000,18.02083333,18.02083333,90.0075,9.470833333,"Rain, Overcast",0,1,2
23-09-2024,Monday,3178000,16.94583333,16.94583333,85.68166667,15.49583333,"Rain, Overcast",0,0,2
24-09-2024,Tuesday,3751000,14.99166667,14.99166667,79.36041667,11.78333333,Overcast,0,0,2
25-09-2024,Wednesday,3781000,13.94583333,13.94583333,82.16458333,11.00833333,Overcast,0,0,2
26-09-2024,Thursday,3952000,14.4625,14.4625,88.13333333,16.87083333,"Rain, Partially cloudy",0,0,2
27-09-2024,Friday,3543000,11.5875,11.28333333,77.58958333,16.075,"Rain, Overcast",0,0,2
28-09-2024,Saturday,3282000,9.583333333,8.9875,74.57375,8.241666667,Clear,0,1,2
29-09-2024,Sunday,2124000,10.80416667,10.7125,76.75166667,14.62083333,Partially cloudy,0,1,2
30-09-2024,Monday,3245000,14.0375,14.0375,87.48166667,23.7125,"Rain, Overcast",0,0,2
01-10-2024,Tuesday,3806000,12.70833333,12.70833333,87.40875,19.67916667,"Rain, Overcast",0,0,2
02-10-2024,Wednesday,3764000,14.38333333,14.38333333,84.25375,15.2875,Overcast,0,0,2
03-10-2024,Thursday,3927000,12.12916667,12.12916667,76.33208333,9.033333333,Partially cloudy,0,0,2
04-10-2024,Friday,3566000,10.95833333,10.95833333,80.28541667,5.241666667,Partially cloudy,0,0,2
05-10-2024,Saturday,3341000,13,12.99166667,71.30375,10.26666667,Partially cloudy,0,1,2
06-10-2024,Sunday,2189000,13.55,13.55,83.44708333,13.42916667,Overcast,0,1,2
07-10-2024,Monday,3302000,14.86666667,14.86666667,84.535,13.18333333,Partially cloudy,0,0,2
08-10-2024,Tuesday,3817000,14.94166667,14.94166667,87.25791667,15.00833333,"Rain, Partially cloudy",0,0,2
09-10-2024,Wednesday,3843000,14.24166667,14.24166667,83.73708333,12.80833333,Overcast,0,0,2
10-10-2024,Thursday,4124000,10.98333333,10.77916667,73.94166667,11.45,Partially cloudy,0,0,2
11-10-2024,Friday,3667000,8.245833333,8.083333333,75.48166667,5.170833333,Clear,0,0,2
12-10-2024,Saturday,3108000,11.25416667,10.58333333,76.33208333,13.5875,Partially cloudy,0,1,2
13-10-2024,Sunday,2199000,8.491666667,7.25,71.45541667,8.966666667,Clear,0,1,2
14-10-2024,Monday,3353000,10.45416667,9.7875,88.88125,11.66666667,Overcast,0,0,2
15-10-2024,Tuesday,3816000,13.7375,13.7375,89.4275,12.575,Overcast,0,0,2
16-10-2024,Wednesday,3773000,17.80416667,17.80416667,85.21708333,15.05416667,Overcast,0,0,2
17-10-2024,Thursday,3928000,15.56666667,15.56666667,83.10625,10.8875,Partially cloudy,0,0,2
18-10-2024,Friday,3521000,12.49166667,12.49166667,87.81,8.641666667,Partially cloudy,0,0,2
19-10-2024,Saturday,3133000,14.07083333,14.07083333,86.1375,12.82916667,"Rain, Overcast",0,1,2
20-10-2024,Sunday,2172000,14.5,14.5,85.18166667,20.525,Partially cloudy,0,1,2
21-10-2024,Monday,3291000,13.125,13.125,82.02208333,12.15833333,Partially cloudy,0,0,2
22-10-2024,Tuesday,3781000,12.02083333,11.62083333,88.39916667,10.31666667,Partially cloudy,0,0,2
23-10-2024,Wednesday,3754000,13.59583333,13.59583333,85.44708333,9,Overcast,0,0,2
24-10-2024,Thursday,3910000,13.25416667,13.15833333,84.40208333,11.77083333,Clear,0,0,2
25-10-2024,Friday,3572000,14.12916667,14.12916667,94.3175,8.758333333,Overcast,0,0,2
26-10-2024,Saturday,3177000,12.12083333,12.09583333,94.48083333,4.5,Partially cloudy,0,1,2
27-10-2024,Sunday,2468000,11.268,11.188,86.1256,7.34,Partially cloudy,0,1,2
28-10-2024,Monday,3388000,13.77083333,13.77083333,89.80666667,15.55416667,Overcast,0,0,2
29-10-2024,Tuesday,3813000,14.05416667,14.05416667,89.84208333,6.891666667,Overcast,0,0,2
30-10-2024,Wednesday,3896000,13.4125,13.4125,80.95958333,5.004166667,Overcast,0,0,2
31-10-2024,Thursday,3910000,12.425,12.425,83.21208333,4.020833333,Overcast,0,0,2
01-11-2024,Friday,3645000,12.3375,12.3375,79.90166667,8.4375,Overcast,0,0,2
02-11-2024,Saturday,3119000,13.06666667,13.06666667,83.56916667,10.19166667,Overcast,0,1,2
03-11-2024,Sunday,2026000,12.25833333,12.25833333,78.73041667,10.16666667,Overcast,0,1,2
04-11-2024,Monday,3195000,11.2,11.2,80.65916667,8.225,Overcast,0,0,2
05-11-2024,Tuesday,3555000,10.87916667,10.87916667,85.26333333,4.604166667,Overcast,0,0,2
06-11-2024,Wednesday,3649000,10.075,10,92.76625,4.4375,Overcast,0,0,2
07-11-2024,Thursday,3598000,10.53333333,10.47083333,88.41416667,8.741666667,Overcast,0,0,2
08-11-2024,Friday,3531000,9.4125,8.3,81.08791667,9.341666667,Overcast,0,0,2
09-11-2024,Saturday,3282000,8.3625,8.175,75.72083333,4.458333333,Overcast,0,1,2
10-11-2024,Sunday,2266000,9.020833333,8.8625,86.16666667,5.295833333,Overcast,0,1,2
11-11-2024,Monday,3337000,10.3375,9.9375,77.94625,9.2625,Clear,0,0,2
12-11-2024,Tuesday,3750000,9.8125,8.704166667,79.3825,16.07916667,Partially cloudy,0,0,2
13-11-2024,Wednesday,3876000,9.570833333,8.808333333,82.31375,8.0875,Partially cloudy,0,0,2
14-11-2024,Thursday,4034000,10.14583333,9.979166667,80.19041667,9.125,Overcast,0,0,2
15-11-2024,Friday,3712000,8.033333333,7.408333333,77.99208333,5.804166667,Overcast,0,0,2
16-11-2024,Saturday,3447000,8.308333333,7.541666667,87.61625,10.40416667,Overcast,0,1,2
17-11-2024,Sunday,2380000,8.720833333,7.0875,81.66416667,14.5,Partially cloudy,0,1,2
18-11-2024,Monday,3333000,7.704166667,6.716666667,90.10458333,6.5375,"Rain, Overcast",0,0,2
19-11-2024,Tuesday,3826000,4.645833333,2.3,90.48166667,12.4,"Rain, Overcast",0,0,2
20-11-2024,Wednesday,3899000,2.120833333,-1.8375,77.31375,16.17083333,Partially cloudy,0,0,2
21-11-2024,Thursday,4097000,1.475,-1.254166667,78.39708333,9.6875,Overcast,0,0,2
22-11-2024,Friday,3821000,4.108333333,0.6,72.52875,17.50416667,Clear,0,0,2
23-11-2024,Saturday,3232000,9.033333333,7.595833333,87.625,24.4875,"Rain, Overcast",0,1,2
24-11-2024,Sunday,2234000,15.95416667,15.95416667,75.13416667,36.43333333,"Rain, Overcast",0,1,2
25-11-2024,Monday,3424000,9.945833333,9.008333333,78.325,17.58333333,Partially cloudy,0,0,2
26-11-2024,Tuesday,4042000,7.433333333,5.954166667,78.30416667,9.325,Clear,0,0,2
27-11-2024,Wednesday,4036000,6.441666667,3.895833333,89.71083333,14.04583333,"Rain, Overcast",0,0,2
28-11-2024,Thursday,4305000,3.558333333,2.904166667,90.93375,4.541666667,Clear,0,0,2
29-11-2024,Friday,4121000,6.775,4.808333333,80.01166667,12.17083333,Clear,0,0,2
30-11-2024,Saturday,3760000,11.82083333,11.60833333,88.40666667,11.18333333,Overcast,0,1,2
01-12-2024,Sunday,2452000,11.5375,11.5375,92.67791667,18.62916667,Overcast,0,1,3
02-12-2024,Monday,3574000,9.95,8.845833333,80.12083333,16.325,Overcast,0,0,3
03-12-2024,Tuesday,4055000,6.058333333,5.245833333,81.32625,5.783333333,Partially cloudy,0,0,3
04-12-2024,Wednesday,4204000,6.754166667,5.3625,87.23666667,9.7875,Overcast,0,0,3
05-12-2024,Thursday,4379000,12.1375,11.7125,88.34666667,24.69166667,"Rain, Overcast",0,0,3
06-12-2024,Friday,4154000,8.633333333,5.9125,71.7675,20.0125,Clear,0,0,3
07-12-2024,Saturday,3318000,8.579166667,5.004166667,79.30791667,38.98333333,"Rain, Overcast",0,1,3
08-12-2024,Sunday,2498000,7.545833333,3.645833333,84.98125,27.51666667,"Rain, Overcast",0,1,3
09-12-2024,Monday,3615000,7.908333333,4.595833333,78.60583333,22.20416667,Overcast,0,0,3
10-12-2024,Tuesday,4060000,7.066666667,3.6125,80.10833333,21.25833333,Overcast,0,0,3
11-12-2024,Wednesday,4174000,6.854166667,4.095833333,78.17625,15.2,Overcast,0,0,3
12-12-2024,Thursday,4272000,7.15,5.695833333,89.56208333,8.3,Overcast,0,0,3
13-12-2024,Friday,3944000,5.391666667,3.829166667,90.58416667,7.5375,Overcast,0,0,3
14-12-2024,Saturday,3702000,6.066666667,3.566666667,85.16166667,12.36666667,Partially cloudy,0,1,3
15-12-2024,Sunday,2547000,9.495833333,8.383333333,88.0225,18.05,Overcast,0,1,3
16-12-2024,Monday,3355000,10.6375,10.1875,80.26416667,18.475,Overcast,0,0,3
17-12-2024,Tuesday,3710000,8.7375,7.404166667,89.56583333,14.4,Overcast,0,0,3
18-12-2024,Wednesday,3753000,12.775,12.775,85.43041667,27.29583333,"Rain, Overcast",0,0,3
19-12-2024,Thursday,3762000,7.383333333,4.325,75.85125,21.53333333,Partially cloudy,0,0,3
20-12-2024,Friday,3417000,6.075,3.291666667,84.6225,14.71666667,Clear,0,0,3
21-12-2024,Saturday,3074000,8.7,6.770833333,83.78125,22.40833333,Partially cloudy,0,1,3
22-12-2024,Sunday,2269000,6.4625,2.116666667,68.005,28.98333333,Partially cloudy,0,1,3
23-12-2024,Monday,2834000,6.170833333,3.454166667,71.2575,14.47916667,Clear,0,0,3
24-12-2024,Tuesday,1870000,9.658333333,8.891666667,93.94625,10.86666667,Overcast,0,0,3
25-12-2024,Wednesday,0,9.2875,8.295833333,90.87958333,8.366666667,Overcast,1,0,3
26-12-2024,Thursday,1503000,6.9625,6.458333333,92.81041667,5.1,Overcast,1,0,3
27-12-2024,Friday,2561000,6.4125,6.220833333,96.82791667,3.9,Overcast,0,0,3
28-12-2024,Saturday,2623000,4.858333333,3.366666667,93.96791667,7.3125,Overcast,0,1,3
